execution	reads_filtradas	reads_amostradas	reads_reverse_complementadas	percentual_reverse_complementadas	sequencias_unicas	percentual_sequencias_unicas	numero_comparacoes	divergencia_media	divergencia_mediana	divergencia_dp	divergencia_q25	divergencia_q75	pares_menor_igual_1pct	pares_menor_igual_3pct	pares_menor_igual_5pct	PCoA1_var_pct	PCoA2_var_pct	cmdscale_additive_constant
Lib1barcode41	1689	300	212	70.6666666666667	300	100	44850	39.89488482527	48.3552631578947	16.5796485301782	21.875	51.6304347826087	0	0.0356744704570792	0.448160535117057	11.4127495742902	3.09396877829148	112.262722046074
Lib1barcode42	685	300	174	58	300	100	44850	40.7337463044394	47.2103004291845	16.1893957550377	23.2456140350877	52.9411764705882	0	0	0.0602006688963211	13.9248720147648	5.88739702493806	99.719174320503
Lib1barcode43	1001	300	24	8	300	100	44850	31.3137003401599	26.1261261261261	18.3283211512516	13.3333333333333	50	0	0.0512820512820513	1.31995540691193	13.1309441197314	2.79937536738191	74.3272803580995
Lib1barcode44	286	286	82	28.6713286713287	286	100	40755	40.9397364706022	49.3112947658402	16.1651695647396	23.3192718764955	52.2222222222222	0	0.0196294933137038	0.228192859771807	13.139974364817	4.13909339342486	97.5477164721894
Lib1barcode45	1065	300	170	56.6666666666667	300	100	44850	44.3811738596369	50.5338078291815	14.8900661800712	44.7826086956522	53.4375	0	0.0133779264214047	0.343366778149387	8.82047467313579	2.1489823567874	141.747131197216
Lib1barcode46	1211	300	93	31	300	100	44850	42.9947622787796	50.6493506493506	16.4440890148474	41.8577506683234	53.6277602523659	0.00445930880713489	0.133779264214047	0.762541806020067	10.235038831687	2.10242729071148	123.345129456033
Lib1barcode47	1282	300	107	35.6666666666667	300	100	44850	49.0325777317582	51.1749347258486	9.54279517699867	48.0349344978166	53.5825545171339	0	0.0222965440356745	0.236343366778149	5.27236273042479	1.76751125629569	190.991416167678
Lib1barcode48	975	300	62	20.6666666666667	300	100	44850	47.4615458838606	49.6666666666667	9.56642941766537	46.4912280701754	52.3333333333333	0	0.00891861761426979	0.0824972129319956	6.32744037427479	3.05290712566652	151.25601519439
Lib1barcode49	151	151	102	67.5496688741722	151	100	11325	43.0342840439239	49.4296577946768	15.1303976554904	43.8202247191011	52.4793388429752	0	0	0.158940397350993	18.9051394173522	5.40991179109374	42.94140663128
Lib1barcode50	609	300	38	12.6666666666667	300	100	44850	32.8767458159258	28.4517802074572	18.4422980261081	14.9606299212598	51.8817204301075	0	0.00891861761426979	0.374581939799331	12.1066954560481	2.99765947042319	88.0692946380193
Lib1barcode51	879	300	33	11	300	100	44850	31.8754190416892	25.4464285714286	18.4689553736175	13.6563876651982	51.004016064257	0	0.0178372352285396	0.599777034559643	13.5809325382856	2.62861360272744	73.6102829451829
Lib1barcode52	1116	300	200	66.6666666666667	300	100	44850	42.8960677856077	49.1150442477876	14.5047461793002	43.5897435897436	51.9230769230769	0	0.0133779264214047	0.136008918617614	8.98189888403497	2.54146184419332	138.543993565995
Lib1barcode53	2420	300	180	60	300	100	44850	43.8406316048283	49.7816593886463	15.6287906093572	44.8559670781893	53.2967032967033	0	0.0178372352285396	0.494983277591973	9.45304545951037	2.23267656532178	133.204457230285
Lib1barcode54	1460	300	109	36.3333333333333	300	100	44850	40.4749294557425	49.1467576791809	17.0159440232634	21.7777777777778	52.5745257452574	0	0.0824972129319956	0.874024526198439	10.0381437647038	1.85528159834686	125.150223944578
Lib1barcode55	1269	300	110	36.6666666666667	300	100	44850	47.573527859333	50.6666666666667	11.5821554162776	47.0319634703196	53.4798534798535	0	0.0289855072463768	0.260869565217391	5.95993661820784	1.97025873468946	187.646747134732
Lib1barcode56	1474	300	210	70	300	100	44850	47.5538017868481	49.8559077809798	9.86331856297482	46.7455621301775	52.5	0	0.00891861761426979	0.107023411371237	7.00341728117315	3.28366522223087	133.86109362083
Lib1barcode57	2581	300	99	33	300	100	44850	29.4427001442902	21.9298245614035	18.2190064490439	12.7753303964758	49.5677233429395	0	0.111482720178372	1.52508361204013	11.5748634580075	2.26090502570992	85.7821333045831
Lib1barcode58	3423	300	118	39.3333333333333	300	100	44850	51.0013245445261	52.3929471032746	7.55639752170407	49.5726495726496	54.8556430446194	0	0.00222965440356745	0.0222965440356745	5.37765517252975	2.29237137158366	156.660412046892
Lib1barcode59	2133	300	115	38.3333333333333	300	100	44850	33.1168347304001	44.4055944055944	18.6290500515457	13.8528138528139	50.3623188405797	0	0.115942028985507	1.86845039018952	13.902039661862	3.23107152736526	80.045385429008
Lib1barcode60	264	264	75	28.4090909090909	264	100	34716	28.5426238641252	21.1320754716981	17.3563939988538	13.1578947368421	47.9249630466916	0	0.0662518723355225	1.20693628298191	12.245367739859	3.34177449423611	73.7006635782918
Lib1barcode61	1360	300	84	28	300	100	44850	27.8791470167444	19.6428571428571	18.1949704548061	12.0171673819742	49.1525423728814	0	0.138238573021182	2.13823857302118	15.8687980145349	3.27271077658074	56.5089520262947
Lib1barcode62	1548	300	90	30	300	100	44850	29.1796067503331	20.6140350877193	18.56172248251	11.8421052631579	48.9082969432314	0	0.0624303232998885	1.94425863991081	14.7582872726293	3.6145981943326	63.4926333882666
Lib1barcode63	2418	300	106	35.3333333333333	300	100	44850	34.7631369724227	46.5201465201465	18.5002568458218	14.7859922178988	50.6775067750677	0	0.0981047937569677	1.59866220735786	11.7502945407718	1.99758323139581	103.656350657718
Lib1barcode64	1001	300	63	21	300	100	44850	46.2570912861574	49.8637602179836	12.0317743073622	46.4788732394366	52.6595744680851	0.00222965440356745	0.0156075808249721	0.41025641025641	8.27546680065607	4.18427438812195	140.178280371057
Lib1barcode65	2702	300	217	72.3333333333333	300	100	44850	47.6113189761887	50.5235602094241	10.6691195451369	47.5409836065574	53.1088082901554	0	0	0.0356744704570792	7.07848735637223	2.85069832918124	147.403989706572
Lib1barcode66	1561	300	191	63.6666666666667	300	100	44850	45.9601864126138	49.8498498498498	12.4051757771341	46.5587044534413	52.5641025641026	0	0.0312151616499443	0.301003344481605	7.91769580147823	2.49706517075707	143.175906962726
Lib1barcode67	2227	300	194	64.6666666666667	300	100	44850	38.6886817743409	47.9233226837061	17.2574353050832	19.3050193050193	51.0373443983402	0	0.0758082497212932	1.81716833890747	11.2494477447654	2.58216719302297	112.284407342693
Lib1barcode68	1703	300	88	29.3333333333333	300	100	44850	46.9022274465273	50.6666666666667	12.009034071169	46.9827586206897	52.9850746268657	0	0.0691192865105908	0.688963210702341	7.8397381658338	3.24352545820663	138.464926017754
Lib1barcode69	2526	300	169	56.3333333333333	300	100	44850	49.509874878363	51.1013215859031	8.14370688791021	48.5294117647059	53.3672528895974	0	0.00222965440356745	0.0267558528428094	4.91198895175317	3.72622638980295	144.993277691299
Lib1barcode70	716	300	109	36.3333333333333	300	100	44850	40.1213808267439	50.4885993485342	18.2612311671888	18.5840707964602	53.0944625407166	0	0.0668896321070234	1.45373467112598	12.4611174306375	2.73560457256655	110.529461891146
Lib1barcode71	2124	300	163	54.3333333333333	300	100	44850	51.4589584992104	52.3560209424084	6.50109874225272	50.2079029149812	54.4025157232704	0	0.00445930880713489	0.0312151616499443	3.57017310545046	2.34080691248847	185.53355012819
Lib1barcode72	2377	300	98	32.6666666666667	300	100	44850	49.4730865749577	51.0971786833856	7.9816226692576	48.4126984126984	53.2981530343008	0	0	0.0245261984392419	5.28057051161581	3.39284226716719	153.935224061874
Lib1barcode73	3866	300	85	28.3333333333333	300	100	44850	47.3994337092326	50	9.71075207911853	47.2527472527472	52.4861878453039	0	0	0.0245261984392419	6.50940859802175	1.84792873286677	160.18742403112
Lib1barcode74	1784	300	81	27	300	100	44850	48.442187969657	51.5243902439024	11.43760259934	48.3720930232558	53.968253968254	0	0.0222965440356745	0.287625418060201	5.97436941809877	1.7960975455618	196.003662044297
Lib2barcode01	1105	300	94	31.3333333333333	300	100	44850	50.0654377028748	52.8962391682795	11.2510401337627	50.4385964912281	55.1319648093842	0	0.0334448160535117	0.570791527313266	5.90219263962346	1.63995253698097	207.878017588
Lib2barcode02	935	300	76	25.3333333333333	300	100	44850	50.8229835746775	51.8324607329843	7.03490142404407	49.2581602373887	54.228855721393	0	0.00222965440356745	0.0691192865105908	3.54124057416905	2.4765473466729	200.428905056418
Lib2barcode03	536	300	112	37.3333333333333	300	100	44850	52.0885307446243	53.1847133757962	7.51399315167059	51.1976047904192	55.1851851851852	0	0.0312151616499443	0.214046822742475	3.91516407731595	1.43009180461386	239.002017557109
Lib2barcode04	1655	300	77	25.6666666666667	300	100	44850	48.4440702629913	52.0661157024793	12.2685783497593	49.3212669683258	54.093567251462	0	0.064659977703456	0.711259754738016	6.97603535237823	1.8183034883876	179.923848396002
Lib2barcode05	1325	300	126	42	300	100	44850	53.1687369813005	53.2763532763533	4.05159860058854	51.6260162601626	55.0522648083624	0	0.00668896321070234	0.0423634336677815	1.75455833423606	1.16287364384805	263.128324726196
Lib2barcode06	1554	300	57	19	300	100	44850	42.5197566172798	50.8620689655172	17.0368747445922	43.8329315585368	53.1034482758621	0	0.21850613154961	2.16053511705686	9.98362070867692	1.39060969501399	144.854044539804
Lib2barcode07	1245	300	83	27.6666666666667	300	100	44850	49.1913383551496	51.702786377709	10.765812686636	49.1961414790997	53.6931818181818	0.00222965440356745	0.265328874024526	1.58974358974359	5.91806967887655	1.38720075130581	200.694588154543
Lib2barcode08	2700	300	91	30.3333333333333	300	100	44850	52.5286577508253	52.914798206278	4.74690728503683	50.8108108108108	54.9218685747183	0	0.00668896321070234	0.0312151616499443	2.04305463718373	1.55457097113991	235.722189969253
Lib2barcode09	944	300	62	20.6666666666667	300	100	44850	43.7011424544417	50.6289308176101	16.237775054346	46.7532467532467	52.901023890785	0	0.292084726867336	2.82274247491639	10.0566207095568	1.45283910539739	142.136783183603
Lib2barcode10	805	300	52	17.3333333333333	300	100	44850	37.9344115916668	48.5955056179775	18.6106344582702	16.7400881057269	52.5	0.00222965440356745	0.136008918617614	1.93756967670011	10.47729982579	1.57522954912684	130.387332142671
Lib2barcode11	986	300	116	38.6666666666667	300	100	44850	53.3366578031223	53.3123028391167	3.41019695205512	51.6447368421053	55.1246537396122	0	0	0.00222965440356745	1.26506470715644	1.04843391072616	281.81289216737
Lib2barcode12	1017	300	65	21.6666666666667	300	100	44850	53.5579603927699	53.6656891495601	4.3112969124924	51.8134715025907	55.7184750733138	0.00222965440356745	0.0111482720178372	0.0178372352285396	1.67394201727828	1.29279723145994	282.545471957175
Lib2barcode13	2292	300	86	28.6666666666667	300	100	44850	48.7959338406425	52.9051987767584	14.1890776224797	50.251256281407	55.5	0	0.247491638795987	2.59531772575251	8.930636746522	1.68431157366516	172.569816271801
Lib2barcode14	1178	300	64	21.3333333333333	300	100	44850	41.3280972000417	50.6596306068602	18.7359645491318	24.5689655172414	53.7162162162162	0	0.245261984392419	3.11928651059086	11.6335576638469	1.58437972617478	133.490885801136
Lib2barcode15	1068	300	79	26.3333333333333	300	100	44850	49.1918070732455	52.1164021164021	11.0027318425652	48.7719298245614	54.4910179640719	0	0.0133779264214047	0.365663322185061	6.73390632255636	4.31906854767532	154.307703356197
Lib2barcode16	755	300	126	42	300	100	44850	52.7834808186265	52.9605263157895	4.28420121021301	51.1936339522546	54.863813229572	0	0.00222965440356745	0.0245261984392419	1.85121132615235	1.25260045007253	269.162844399115
Lib2barcode17	1128	300	95	31.6666666666667	300	100	44850	47.2014640516852	51.6014234875445	13.1347570536923	48.8388896357037	53.4412955465587	0.00222965440356745	0.169453734671126	1.25083612040134	7.08251643025892	1.12102743995283	196.635221875217
Lib2barcode18	1080	300	159	53	300	100	44850	50.2984339103248	52.991452991453	11.1989922398945	50.8771929824561	54.9872122762148	0	0.118171683389075	0.967670011148272	6.0430739845153	1.28193444557262	212.955833882509
Lib2barcode19	896	300	76	25.3333333333333	300	100	44850	49.0971350381287	52.6315789473684	12.568095425682	50.3571428571429	54.5706371191136	0.00222965440356745	0.171683389074693	1.40691192865106	6.82226260714011	1.32108503698585	201.88154039888
Lib2barcode20	707	300	123	41	300	100	44850	52.3899155366513	53.1073446327684	6.98572750961566	51.4851485148515	55	0	0.00668896321070234	0.20958751393534	3.09332528979424	2.97356046895942	232.060416994123
Lib2barcode21	1096	300	49	16.3333333333333	300	100	44850	42.0240426493477	49.1150442477876	16.491932459027	45.3710613598673	51.8062413588781	0	0.356744704570792	3.17279821627648	9.22305505900002	1.54913127631271	158.744392965563
Lib2barcode22	782	300	67	22.3333333333333	300	100	44850	44.3979533001832	51.6717325227964	16.6767281419888	47.136563876652	54.089709762533	0	0.0824972129319956	1.64102564102564	8.81385932718093	1.45895565642481	167.663255967505
Lib2barcode23	1471	300	144	48	300	100	44850	52.1324677853013	53.1645569620253	7.4328915328737	51.2820512820513	55.0500937715921	0.00222965440356745	0.140468227424749	0.588628762541806	3.89828122563048	2.07485129779192	215.718469336081
Lib2barcode24	1123	300	151	50.3333333333333	300	100	44850	52.7394935543172	52.9940119760479	4.78837842893114	51.1705685618729	54.9206349206349	0	0.0178372352285396	0.0490523968784838	1.87646499083109	1.41439490638155	269.106042338462
Lib2barcode25	451	300	70	23.3333333333333	300	100	44850	40.7487037731734	51.1904761904762	18.699956634125	19.0045248868778	53.8860103626943	0	0.160535117056856	1.95094760312152	10.3660451750674	1.36374873781874	142.468358336412
Lib2barcode26	867	300	67	22.3333333333333	300	100	44850	44.4901969092853	50.8021390374332	15.3712560838163	46.4646464646465	53.0513318638622	0	0.12263099219621	1.46042363433668	9.26885809698365	1.61476177015205	147.513162424048
Lib2barcode27	1369	300	71	23.6666666666667	300	100	44850	48.6590627481176	51.2719568567026	10.2701424218597	48.1751824817518	53.5211267605634	0	0.0267558528428094	0.216276477146042	5.48436850841274	2.4855096044457	198.817728077567
Lib2barcode28	505	300	158	52.6666666666667	300	100	44850	51.594120268113	52.9569892473118	8.46028749369873	51.1551155115512	54.8484848484848	0.00222965440356745	0.156075808249721	0.617614269788183	4.71116848605536	3.34583240147537	187.637186266628
Lib2barcode29	445	300	160	53.3333333333333	300	100	44850	52.5039676892671	52.5735294117647	3.57456595467031	50.8710801393728	54.3650793650794	0	0	0.00668896321070234	1.29231785545674	1.0950213772225	289.364196589216
Lib2barcode30	1545	300	63	21	300	100	44850	46.0171788909338	51.304347826087	14.5543955806405	47.8927203065134	53.5353535353535	0	0.20958751393534	1.58082497212932	7.80318774965166	1.43114495047991	180.650343907604
Lib2barcode31	830	300	57	19	300	100	44850	46.8125347511182	51.1013215859031	13.5874696267813	47.7099236641221	53.763440860215	0.00222965440356745	0.198439241917503	1.36900780379041	7.25606921841881	1.47779116685166	188.36047068454
Lib2barcode32	628	300	78	26	300	100	44850	47.929339680129	51.9061583577713	12.5646140722703	48.9130434782609	53.9944903581267	0.00222965440356745	0.0914158305462653	0.784838350055741	7.12563178904818	1.68297280598979	181.018685675872
Lib2barcode33	961	300	90	30	300	100	44850	51.5741996521857	52.5835866261398	6.53925608502344	50.6122448979592	54.380664652568	0	0.00891861761426979	0.0423634336677815	3.45844781473663	1.42827766103778	219.063527574397
Lib2barcode34	279	279	65	23.2974910394265	279	100	38781	29.8996046905602	21.875	19.3732121617387	11.8421052631579	50.9345794392523	0.00257858229545396	0.353265774477192	3.05046285552203	13.4851873860554	3.11049726630464	74.8192597386957
Lib2barcode35	766	300	102	34	300	100	44850	52.8008588423448	53.125	5.37122087836529	51.2820512820513	55.2023121387283	0	0.00891861761426979	0.0512820512820513	2.25231816596602	1.73572542734493	260.029778504769
Lib2barcode36	1750	300	106	35.3333333333333	300	100	44850	53.2124879225763	53.2981530343008	4.20468552806549	51.5418502202643	55.2424233642219	0	0.0133779264214047	0.0668896321070234	1.4337136632714	1.24808182946012	295.419483998008
Lib2barcode37	705	300	234	78	300	100	44850	43.8720654339192	50.761421319797	16.4298268064736	46.6844418490288	53.2738095238095	0.00445930880713489	0.421404682274247	2.88963210702341	9.68552121928659	1.66233755297371	151.751546420019
Lib2barcode38	1179	300	63	21	300	100	44850	49.1121234503045	50.7598784194529	8.68479637478911	48.0769230769231	53.315649867374	0	0.0423634336677815	0.176142697881828	5.64853998226223	1.9228568586765	167.022726351907
Lib2barcode39	996	300	121	40.3333333333333	300	100	44850	53.1793916472476	53.1506849315069	3.33858357556285	51.5706806282722	54.8780487804878	0	0.0133779264214047	0.0512820512820513	1.16847879020342	1.04422478636006	293.200941567769
Lib2barcode40	277	277	62	22.3826714801444	277	100	38226	45.5064351570321	51.3202014054114	15.0367556360209	48.0113636363636	53.4133566908584	0.0026160205096008	0.0994087793648302	1.21644953696437	9.07973950820342	1.51598989350349	151.15369256047
Lib2barcode41	1796	300	129	43	300	100	44850	52.3414029589799	52.7777777777778	5.25185233400699	50.7692307692308	54.7770700636943	0	0.0356744704570792	0.107023411371237	2.32134418461617	1.7308752384151	234.069987288335
Lib2barcode42	651	300	130	43.3333333333333	300	100	44850	52.7573554154036	52.887537993921	3.81299705068367	51.25	54.5787545787546	0	0.0133779264214047	0.0445930880713489	1.35639724485145	1.19819493955832	275.935836691464
Lib2barcode43	1230	300	113	37.6666666666667	300	100	44850	50.1981326195155	52.8384279475983	10.9230819897849	50.8816120906801	54.6589298279607	0	0.0512820512820513	0.622073578595318	6.12030627013254	1.36259027526345	212.83073526412
Lib2barcode44	615	300	85	28.3333333333333	300	100	44850	49.2109552604927	51.8143265103712	10.7251100490242	49.3333333333333	53.9473684210526	0	0.00668896321070234	0.118171683389075	6.41537585341822	1.56926616403017	193.116236499421
Lib2barcode45	859	300	79	26.3333333333333	300	100	44850	44.78171945885	51.5789473684211	15.5322988272393	47.9495268138801	53.416149068323	0	0.0824972129319956	1.09921962095875	9.00566451866031	1.25183492914385	167.892528353101
Lib2barcode46	986	300	84	28	300	100	44850	47.3810573805033	51.9756838905775	13.7328860751694	49.3702770780856	53.921568627451	0	0.133779264214047	1.1304347826087	7.56038242775931	1.20608492402125	185.187099391135
Lib2barcode47	588	300	66	22	300	100	44850	47.8126584392969	52.3676880222841	13.4969634469702	49.6062992125984	54.320987654321	0	0.0624303232998885	0.693422519509476	7.60386305729791	1.51894867251267	181.162698675981
Lib2barcode48	717	300	64	21.3333333333333	300	100	44850	47.3940890075932	51.528384279476	13.056308634152	48.4293193717278	53.5928143712575	0	0.167224080267559	1.38907469342252	8.41130007425608	1.63820119549723	152.001434675004
Lib2barcode49	920	300	102	34	300	100	44850	51.9245576931285	52.3364485981308	4.48378496916676	50.3731343283582	54.1516245487365	0	0.00891861761426979	0.0423634336677815	1.91371055137151	1.29332899354944	243.172729903796
Lib2barcode50	1159	300	86	28.6666666666667	300	100	44850	49.3648962165363	52.2935779816514	11.2493783175434	49.7991967871486	54.1818181818182	0	0.111482720178372	1.15942028985507	6.54409273952616	1.36761769389694	189.828632967476
Lib2barcode51	1006	300	165	55	300	100	44850	51.3863524098155	52.6946107784431	8.37137212688819	50.7874015748031	54.585152838428	0	0.140468227424749	0.827201783723523	4.80168728357368	1.70400771435731	203.989347104637
Lib2barcode52	670	300	224	74.6666666666667	300	100	44850	46.6179503055131	51.3833992094862	13.3946356870242	47.3451327433628	53.5460992907801	0	0.109253065774805	1.16387959866221	6.73451943730291	4.03165494912817	189.117547257061
Lib2barcode53	1065	300	170	56.6666666666667	300	100	44850	43.21716999	49.3456916973485	17.0889820554628	43.4102082128398	54.8523206751055	0	0.0579710144927536	0.862876254180602	12.0048977391336	6.18847079101246	120.000094845978
Lib2barcode54	818	300	127	42.3333333333333	300	100	44850	53.0771556720598	53.0821917808219	3.61306954514405	51.3784461152882	54.9618320610687	0	0	0.00445930880713489	1.38065717614139	1.09588878545145	287.934154077706
Lib2barcode55	989	300	115	38.3333333333333	300	100	44850	51.268187109068	52.411575562701	7.12637883933468	50.3164556962025	54.1310541310541	0	0.100334448160535	0.552954292084727	3.86825290764278	1.43523212978861	210.315688179234
Lib2barcode56	1536	300	79	26.3333333333333	300	100	44850	49.7644055681562	51.7341040462428	9.33469355868714	48.9864864864865	53.775722510403	0	0.0802675585284281	0.668896321070234	5.20223448824061	1.42756019434308	207.297358506619
Lib2barcode57	522	300	108	36	300	100	44850	48.8411926412132	52.6153846153846	12.7211885823463	50.3552431610942	54.4747081712062	0	0.12263099219621	0.929765886287625	7.04031788501195	1.27567889405125	197.403381832939
Lib2barcode58	1894	300	112	37.3333333333333	300	100	44850	52.3939330204696	52.6958531070639	4.6792145678202	50.7005318625037	54.6783625730994	0.00222965440356745	0.0133779264214047	0.0289855072463768	2.07843571090358	1.34268390485509	250.219391576684
Lib2barcode59	479	300	142	47.3333333333333	300	100	44850	52.3171453706957	52.5252525252525	4.19971102164488	50.6410256410256	54.4642857142857	0	0	0.0178372352285396	1.86540886472397	1.27441255521105	243.064109398722
Lib2barcode60	691	300	137	45.6666666666667	300	100	44850	51.8747985524204	52.2012578616352	5.07625003517282	50.3937007874016	54.0816326530612	0	0.0222965440356745	0.0691192865105908	1.86455428956494	1.76005984054525	255.007689467928
Lib2barcode61	1234	300	155	51.6666666666667	300	100	44850	52.063414898063	52.3076923076923	4.14122752757824	50.3778337531486	54.1538461538462	0	0.00222965440356745	0.0289855072463768	1.79064186043258	1.36198639970822	227.435366840917
Lib2barcode62	1259	300	126	42	300	100	44850	53.0540076792939	53.0612244897959	3.62034835279901	51.3513513513513	54.957507082153	0	0	0.0111482720178372	1.3955467291951	1.14945715136097	261.722556640527
Lib2barcode63	923	300	138	46	300	100	44850	53.3164231371974	53.2915360501567	3.52428890192733	51.5901060070671	55.2083333333333	0	0.00445930880713489	0.0133779264214047	1.21894003463442	0.997891869910376	312.444519891941
Lib2barcode64	392	300	73	24.3333333333333	300	100	44850	48.7932842645476	52.2388059701493	11.9652324738473	49.5089977038501	54.2416452442159	0	0.0735785953177257	0.555183946488294	6.95797984016083	1.69923025757941	181.590190313682
Lib2barcode65	570	300	136	45.3333333333333	300	100	44850	50.6829066446507	52.7638190954774	9.43144749379309	50.8547008547009	54.7008547008547	0	0	0.0267558528428094	5.42584463746654	2.33587888955716	197.40642407355
Lib2barcode66	1082	300	110	36.6666666666667	300	100	44850	52.0494401777588	52.5333333333333	5.26032792808513	50.4	54.5161290322581	0	0.0334448160535117	0.0914158305462653	1.90505102873316	1.78039064973225	229.263561903387
Lib2barcode67	320	300	156	52	300	100	44850	49.3477620762505	53.11004784689	12.7039590940988	50.8389293305494	55.2631578947368	0	0.0602006688963211	0.479375696767001	7.52319145919677	1.35653199982366	181.900891543058
Lib2barcode68	910	300	128	42.6666666666667	300	100	44850	51.4849420801641	52.8409090909091	8.66253119973086	50.8474576271186	54.9407114624506	0	0.0334448160535117	0.472686733556299	4.9084988199996	2.55000847341124	216.17955516304
Lib2barcode69	495	300	105	35	300	100	44850	52.2269643989413	52.4916943521595	4.58215314511073	50.6122448979592	54.3766578249337	0	0.0222965440356745	0.0780379041248607	1.80449590487874	1.51445385982946	231.005094126565
Lib2barcode70	502	300	51	17	300	100	44850	41.3343652159518	50.1607717041801	18.0325357115768	43.8247011952191	52.6315789473684	0.00891861761426979	0.521739130434783	3.75919732441472	9.94666702908843	1.26641299112378	153.774274642079
Lib2barcode71	926	300	77	25.6666666666667	300	100	44850	47.0990433710663	51.7374517374517	13.3016442591961	48.5294117647059	53.7117903930131	0	0.118171683389075	0.992196209587514	7.23961686533216	1.21304477836049	189.694684797118
Lib2barcode72	778	300	63	21	300	100	44850	45.8255163466172	51.5235457063712	15.036328294699	48.046875	53.5816618911175	0.00222965440356745	0.280936454849498	1.97547380156076	7.43077989898058	1.59102313946034	200.960334949362
Lib2barcode73	1266	300	92	30.6666666666667	300	100	44850	47.2138386915974	51.1450381679389	13.0210447035233	48.2300884955752	53.4013605442177	0.00445930880713489	0.301003344481605	2.35897435897436	7.4961699240503	1.52238457161515	172.599708658983
Lib2barcode74	1370	300	150	50	300	100	44850	49.6957135079817	53.0154741963787	12.1650039280895	50.5154639175258	55.2631578947368	0	0.0914158305462653	0.608695652173913	8.21279005421631	4.82157824089683	164.96843421289
Lib2barcode75	1291	300	115	38.3333333333333	300	100	44850	52.4654746057251	53.3333333333333	6.49525102961924	50.8771929824561	55.5555555555556	0	0.00222965440356745	0.0468227424749164	2.87421084613461	1.85259377755942	247.537486720717
Lib2barcode76	397	300	68	22.6666666666667	300	100	44850	47.3898302191672	52.0161290322581	13.1616475160297	47.6190476190476	54.1484716157205	0	0.211817168338907	1.17056856187291	7.03073028019222	5.28870368782035	166.051306899062
Lib2barcode77	1250	300	90	30	300	100	44850	47.5949672796883	52.2222222222222	13.1637492863042	49.0909090909091	54.2056074766355	0	0.084726867335563	0.588628762541806	7.57828008923703	1.68281337325279	171.425511306048
Lib2barcode78	3736	300	104	34.6666666666667	300	100	44850	47.9193582162734	51.4511873350923	12.335529546498	48.4375	53.9568345323741	0	0.0245261984392419	0.336677814938684	7.78828789537726	1.55272813684465	170.443045726551
Lib2barcode79	1120	300	213	71	300	100	44850	48.3737780559386	51.9607843137255	12.5115052478004	49.1525423728814	53.9473684210526	0.00445930880713489	0.222965440356745	1.87290969899666	6.87667134899189	1.63225623719525	194.526848386909
Lib2barcode80	142	142	65	45.7746478873239	142	100	10011	52.8178223412927	52.9085872576177	4.08427360189143	51.4285714285714	54.5918367346939	0	0	0.00998901208670462	3.87028039488284	2.01938386110495	107.339462171979
Lib2barcode81	1399	300	196	65.3333333333333	300	100	44850	44.9886471660136	52.0833333333333	15.8695308830708	46.8193219823655	54.4692737430168	0	0.0356744704570792	0.412486064659978	9.25601310477189	1.51560832179951	158.323651910704
Lib2barcode82	719	300	83	27.6666666666667	300	100	44850	46.9535170117022	51.304347826087	12.2258819783464	46.2222222222222	53.6986301369863	0.00222965440356745	0.0981047937569677	0.639910813823857	5.83904927318629	5.28481007229934	160.397855711303
Lib2barcode83	708	300	108	36	300	100	44850	48.6491482579838	52.3529411764706	11.7201433960061	49.2063492063492	54.4117647058823	0	0.129319955406912	0.706800445930881	6.1024815937384	4.18806382523384	171.747435295106
Lib2barcode84	288	288	93	32.2916666666667	288	100	41328	52.2072184509482	53.4246575342466	7.52868595497203	51.6709511568123	55.2476851851852	0	0	0.00483933410762679	4.31196569882114	3.04153061045105	197.555978107162
Lib2barcode85	372	300	69	23	300	100	44850	46.6961529388059	51.6129032258064	14.0471357291577	47.9245283018868	54.0298507462687	0	0.0535117056856187	1.12374581939799	8.11596386849048	3.29745557563041	159.352012721799
Lib2barcode86	606	300	68	22.6666666666667	300	100	44850	46.4713209237056	51.5151515151515	14.3171341630749	47.7678571428571	53.9419087136929	0.00445930880713489	0.12263099219621	1.34671125975474	8.86449004312518	1.81469774135888	152.556941889996
Lib2barcode87	192	192	50	26.0416666666667	192	100	18336	43.9865449590816	51.4367816091954	16.6940527464944	47.008547008547	53.6764705882353	0	0.0981675392670157	1.28163176265271	13.0623879947356	2.08614633935143	96.6924633338218
Lib2barcode88	272	272	81	29.7794117647059	272	100	36856	50.0809849408787	51.3245033112583	7.5181112478035	48.9795918367347	53.3898305084746	0	0	0.00271326242674191	4.38966719882855	1.94979689510486	181.357673229625
Lib2barcode89	868	300	49	16.3333333333333	300	100	44850	36.479300808209	48.6842105263158	19.7870745959009	13.6186770428016	52.1739130434783	0.00445930880713489	0.630992196209587	5.19509476031215	11.5350560505609	1.60089918954994	118.591198816551
Lib2barcode90	331	300	80	26.6666666666667	300	100	44850	50.0970937918657	53.3039647577093	12.2611823436316	51.2747875354108	55.3524804177546	0	0.0624303232998885	0.61984392419175	6.78593437173822	1.22004782037581	212.704751089005
Lib2barcode91	567	300	56	18.6666666666667	300	100	44850	45.7796676382032	51.1737089201878	14.0919570342049	45.7013574660633	53.7366548042705	0	0.0668896321070234	0.795986622073579	7.00670925091001	4.00515906806365	189.371973463379
Lib2barcode92	289	289	116	40.1384083044983	289	100	41616	52.715957486965	53.3678756476684	6.12692354918546	50.9333333333333	55.8073654390935	0	0	0.0240292195309496	2.84626380027393	2.37267209208502	221.206608037994
Lib2barcode93	198	198	71	35.8585858585859	198	100	19503	53.1972404944503	53.1365313653137	3.79169032509494	51.4950166112957	55.0408719346049	0	0	0	1.98743145702804	1.62952995208257	182.229671560194
Lib2barcode94	66	66	27	40.9090909090909	66	100	2145	53.5337140197004	53.3546325878594	3.4915232363949	51.6014234875445	55.5555555555556	0	0	0	5.81221559566055	3.87967224035011	35.907631155408
Lib2barcode95	572	300	59	19.6666666666667	300	100	44850	31.2430341303256	27.9594288002135	17.7749062888865	14.1592920353982	49.8567335243553	0	0.162764771460424	1.63210702341137	9.85779113421829	2.82249328683511	101.124814479278
Lib2barcode96	21	21	5	23.8095238095238	21	100	210	46.4517085315119	50.2958579881657	10.4158301770851	37.574637309325	55.5419784020328	0	0	0	28.2699346910815	11.7230006743786	-1.25590457012213e-14
Lib3barcode01	2199	300	83	27.6666666666667	300	100	44850	49.1838506010102	52.4173027989822	11.2880646946337	49.2416489743551	54.6712802768166	0	0.0624303232998885	0.557413600891862	5.76404681510718	1.27620542638908	212.152088330074
Lib3barcode02	1965	300	126	42	300	100	44850	52.913025279328	53.1486146095718	4.05963198856129	51.2261580381471	55.1330798479088	0	0.0111482720178372	0.0445930880713489	1.55905808846925	1.27988682302139	261.680816280332
Lib3barcode03	894	300	113	37.6666666666667	300	100	44850	50.3265680001886	52.5862068965517	9.72073201557027	50.2958579881657	54.6478873239437	0	0.0624303232998885	0.664437012263099	5.23526946796109	1.90300712304171	204.344431929712
Lib3barcode09	1651	300	71	23.6666666666667	300	100	44850	47.7388713129037	50.9915014164306	11.4125312656754	47.1698113207547	53.5714285714286	0.00222965440356745	0.147157190635451	0.963210702341137	6.4402511687625	3.16112072472126	167.27140636573
Lib3barcode10	1766	300	80	26.6666666666667	300	100	44850	47.1933031525416	51.5	12.8943567129759	48.1060606060606	53.8461538461538	0	0.0379041248606466	0.617614269788183	7.67989826508289	1.87897903958139	167.071015916328
Lib3barcode11	1603	300	179	59.6666666666667	300	100	44850	50.9393109637088	52.0960714677992	7.20292420508055	49.8727735368957	54.2168674698795	0	0.0178372352285396	0.131549609810479	3.82280049555785	2.29386967008144	207.529013514632
Lib3barcode12	1360	300	50	16.6666666666667	300	100	44850	49.8256583643606	51.5527950310559	8.61251197799886	48.6263736263736	53.8709677419355	0.00222965440356745	0.118171683389075	0.599777034559643	4.56805417171709	3.01538925231668	187.238421841642
Lib3barcode13	1402	300	135	45	300	100	44850	52.0543639051792	52.5222551928783	5.57460418071421	50.5154639175258	54.5961002785515	0.00222965440356745	0.115942028985507	0.272017837235229	2.75253355088179	2.13741529411933	201.933019538454
Lib3barcode14	2166	300	71	23.6666666666667	300	100	44850	51.2891704522376	52.3809523809524	6.90075910373289	50.1569870355903	54.4270833333333	0	0.0178372352285396	0.084726867335563	3.37648967600443	2.33006257197444	227.603047358487
Lib3barcode15	1236	300	188	62.6666666666667	300	100	44850	49.0226265102845	52.0618556701031	10.7787513944332	48.2456140350877	54.4061302681992	0	0.267558528428094	1.21962095875139	5.44741025032134	4.79360044587106	161.109740906153
Lib3barcode16	453	300	105	35	300	100	44850	53.1935317543417	53.168044077135	3.59411326997032	51.3736263736264	55.2083333333333	0	0.00222965440356745	0.00668896321070234	1.31104674715696	0.988249656530559	282.251290431583
Lib3barcode17	1513	300	59	19.6666666666667	300	100	44850	43.7364778518336	50.1858736059479	15.3522182138481	43.0769230769231	53.2818532818533	0.00222965440356745	0.225195094760312	1.74581939799331	8.48027036097974	2.64063225602715	148.188628287045
Lib3barcode18	1089	300	92	30.6666666666667	300	100	44850	50.7527566534067	52	7.23770372270841	49.3150684931507	54.2416452442159	0	0.020066889632107	0.0936454849498328	3.67539561421178	2.10201216518221	222.442247498786
Lib3barcode19	1319	300	151	50.3333333333333	300	100	44850	51.7339221871971	52.34375	5.7973925126185	50.131926121372	54.5	0	0.00445930880713489	0.0557413600891862	2.46931718454142	1.91200148168976	232.959155222862
Lib3barcode20	611	300	179	59.6666666666667	300	100	44850	51.1195083090901	52.212389380531	7.23591543413778	50	54.2699724517906	0	0.0133779264214047	0.147157190635451	4.17084166471128	1.83153319372041	197.36825806775
Lib3barcode21	1368	300	123	41	300	100	44850	51.5542223972155	52.3809523809524	6.41947197352354	50.2283105022831	54.5454545454545	0	0.0379041248606466	0.151616499442586	3.31208067670128	1.85805365589665	213.644132436658
Lib3barcode22	2180	300	141	47	300	100	44850	53.2509069974974	53.3762057877814	4.14854422890766	51.5060240963855	55.4369449890439	0	0.0111482720178372	0.0445930880713489	1.51513567762578	1.20384061478594	298.305559847548
Lib3barcode23	1842	300	155	51.6666666666667	300	100	44850	52.0532798446854	52.5316455696203	5.06159154147906	50.5235602094241	54.4527083551187	0	0.00222965440356745	0.0423634336677815	2.52881384709708	1.39663336851348	244.799421774266
Lib3barcode24	1230	300	120	40	300	100	44850	51.6943939884066	52.2988505747126	5.4858980317948	50.1795349559412	54.2955326460481	0	0.00668896321070234	0.0602006688963211	2.32432648343725	1.6989253018881	241.890242053041
Lib3barcode25	1672	300	111	37	300	100	44850	53.5325746581452	53.6585365853659	4.78129147688521	51.3020833333333	56.1104826546003	0	0.00445930880713489	0.0334448160535117	1.87631427302883	1.44133343638802	265.396202513171
Lib3barcode26	2344	300	174	58	300	100	44850	51.546525381495	52.6896950866612	7.60898326161237	50	55.0607287449393	0	0.0312151616499443	0.285395763656633	3.93916902076343	2.0658345473144	201.806497656851
Lib3barcode27	1758	300	75	25	300	100	44850	47.1589705522543	51.1945392491468	12.7039465695007	47.6744186046512	53.6764705882353	0.00445930880713489	0.20958751393534	1.55406911928651	7.5838008571494	2.06651669742595	161.937310384807
Lib3barcode28	894	300	107	35.6666666666667	300	100	44850	52.1058573069517	52.4691358024691	4.77957296197021	50.2717391304348	54.5454545454545	0	0.00668896321070234	0.0267558528428094	1.98283251838306	1.53246420762043	266.519349809523
Lib3barcode29	1186	300	112	37.3333333333333	300	100	44850	52.8281546294172	52.8619528619529	3.67855553632562	50.9146341463415	54.8872180451128	0	0.00445930880713489	0.00891861761426979	1.37333201232144	1.03549914308717	281.962351040753
Lib3barcode30	1610	300	146	48.6666666666667	300	100	44850	51.9383041680327	52.3809523809524	5.34879884353238	50.1766784452297	54.4502617801047	0	0.0133779264214047	0.0356744704570792	2.59137452664275	1.55240136283939	220.556610373968
Lib3barcode31	459	300	188	62.6666666666667	300	100	44850	51.1332957066569	52.4216524216524	7.68905300401159	50.2604166666667	54.3147208121827	0	0.040133779264214	0.325529542920847	4.0370793168728	1.19164691714827	241.434641888856
Lib3barcode32	1038	300	83	27.6666666666667	300	100	44850	50.3243590414644	51.8272425249169	8.07042520168084	49.266862170088	53.7993920972644	0.00222965440356745	0.0891861761426979	0.40133779264214	4.38142790999446	1.77075391666504	208.11326767195
Lib3barcode33	882	300	80	26.6666666666667	300	100	44850	45.1728632270642	51.7361111111111	14.5431978268788	47.1153846153846	53.680981595092	0	0.0423634336677815	0.341137123745819	8.4133029205956	1.33372678773629	166.287199913787
Lib3barcode34	1221	300	90	30	300	100	44850	51.4281500572054	52.803738317757	8.25291492796098	50.8928571428571	54.7766227724898	0	0.0668896321070234	0.283166109253066	4.56597518083033	1.36585188728463	219.882165684309
Lib3barcode35	1478	300	108	36	300	100	44850	52.0656902966798	53.185595567867	7.70491704144769	51.530612244898	55.045871559633	0	0.0267558528428094	0.20958751393534	4.1542294803583	1.22536808200707	244.903417488825
Lib3barcode36	2200	300	92	30.6666666666667	300	100	44850	50.5994474114628	52.0891364902507	8.40899938049171	49.7093023255814	54.1033434650456	0.00222965440356745	0.231884057971014	0.974358974358974	4.25081710137102	1.32918762287023	239.927377807994
Lib3barcode37	2212	300	96	32	300	100	44850	50.1354505110785	51.8518518518518	8.66657120091507	49.2125984251969	53.9325842696629	0.00445930880713489	0.21850613154961	0.72463768115942	4.66580697763998	1.52585268229546	219.593127672598
Lib3barcode38	1333	300	120	40	300	100	44850	51.8981072554374	52.2077922077922	4.67098144769625	50.1312335958005	54.2483660130719	0	0.0222965440356745	0.107023411371237	2.01792941779795	1.51629152846017	243.117674948276
Lib3barcode39	989	300	145	48.3333333333333	300	100	44850	49.8275579197903	52.1551724137931	9.55810373447522	50	53.822629969419	0	0.084726867335563	0.479375696767001	5.5170257119677	2.67970027211403	203.53144074263
Lib3barcode40	919	300	111	37	300	100	44850	52.7055922277843	52.7397260273973	3.76207631329068	50.8840631569531	54.6875	0	0.00445930880713489	0.0312151616499443	1.34221496209101	1.23968202442805	256.3880268897
Lib3barcode41	1889	300	127	42.3333333333333	300	100	44850	49.6569253156048	50.9868421052632	6.89783234794654	48.1481481481481	53.2374100719424	0	0.0133779264214047	0.0624303232998885	3.20402436853012	1.5666429655941	215.697146263288
Lib3barcode42	878	300	100	33.3333333333333	300	100	44850	50.3562995114712	51.0489510489511	6.45770334910679	49.2999647411412	52.7272727272727	0.00668896321070234	0.187290969899666	0.546265328874024	3.11527504545545	1.27171314391762	258.649414826432
Lib3barcode43	1425	300	142	47.3333333333333	300	100	44850	51.654739952421	52.086234911792	5.17509379786386	50.1587301587302	53.9440203562341	0	0.0133779264214047	0.0535117056856187	2.41235691381071	1.40884039822055	245.020768205439
Lib3barcode44	674	300	122	40.6666666666667	300	100	44850	52.1513445097064	52.2842639593909	3.87210425476073	50.3527369893118	54.2279798192138	0	0.00222965440356745	0.0156075808249721	1.61056009484885	1.23434179546038	234.426277310264
Lib3barcode45	1481	300	74	24.6666666666667	300	100	44850	45.9667427544211	51.3605442176871	14.251377647851	47.5609756097561	53.7117903930131	0.00222965440356745	0.169453734671126	1.32664437012263	7.40153964013837	1.53034435237962	184.449717765527
Lib3barcode46	1480	300	96	32	300	100	44850	52.2458160211464	52.5423728813559	4.71673614772992	50.4237288135593	54.6703296703297	0	0.020066889632107	0.0423634336677815	1.68986140889878	1.34823874347184	258.663504816676
Lib3barcode47	1046	300	127	42.3333333333333	300	100	44850	51.9220364790953	52.1044115142224	4.0604902326407	50.2673796791444	53.921568627451	0	0.00891861761426979	0.0535117056856187	1.81092746130036	1.1625735889496	253.540327547976
Lib3barcode48	1145	300	129	43	300	100	44850	52.5207805911823	52.5380710659898	3.65798180798954	50.6640141467728	54.5	0	0.00445930880713489	0.0156075808249721	1.3438062521581	1.13727046889216	258.551944656271
Lib3barcode49	852	300	121	40.3333333333333	300	100	44850	52.8686173711588	52.8189910979229	3.30930043673805	51.0309278350515	54.75	0	0	0	1.39059733745612	0.911190435931213	270.534034664947
Lib3barcode50	774	300	159	53	300	100	44850	50.5352826276977	52.7331189710611	9.74953923091455	50.8695652173913	54.5098039215686	0	0.0468227424749164	0.432552954292085	5.50666676670217	2.85252273051411	206.665070278795
Lib3barcode51	1097	300	124	41.3333333333333	300	100	44850	52.7294546611047	52.7173913043478	3.57822146160464	51.025641025641	54.5454545454545	0	0.00668896321070234	0.0289855072463768	1.17055365899324	1.00356686107869	299.006286191977
Lib3barcode52	1523	300	102	34	300	100	44850	51.484991389228	52.0900321543408	5.71171377013821	49.468085106383	54.4736842105263	0	0.00668896321070234	0.0289855072463768	2.76334672303841	1.49732039951472	227.493454099441
Lib3barcode53	1595	300	92	30.6666666666667	300	100	44850	51.9015365587099	52.5806451612903	6.30454164964393	50.6849315068493	54.4262295081967	0.00222965440356745	0.084726867335563	0.356744704570792	3.19860620609841	1.37249196468556	243.469657746461
Lib3barcode54	1684	300	75	25	300	100	44850	48.7907410550976	51.6891891891892	11.1884901441367	48.9082969432314	53.7974683544304	0	0.425863991081382	1.61872909698997	6.4294728794869	1.30258830192066	185.32954959991
Lib3barcode55	1538	300	106	35.3333333333333	300	100	44850	53.3342322738908	53.0898876404494	3.04067350879835	51.4986376021798	55	0	0.00222965440356745	0.00222965440356745	1.0776897179776	0.751715789865815	322.81317205884
Lib3barcode56	1049	300	96	32	300	100	44850	51.9006809415724	52.1604938271605	4.50195277616578	50	54.1284403669725	0	0	0.0133779264214047	1.88258503385289	1.41689509092481	258.488035493388
Lib3barcode57	2611	300	137	45.6666666666667	300	100	44850	52.3474654531854	52.8239202657807	5.10315145533133	51.1254019292604	54.5454545454545	0.00222965440356745	0.0512820512820513	0.196209587513935	2.39970111550853	1.33135707547947	251.387726770146
Lib3barcode58	2156	300	107	35.6666666666667	300	100	44850	50.8581955405401	52.4017467248908	8.52251747977833	50.25	54.4529262086514	0	0.0869565217391304	0.443701226309922	4.84783960462542	1.41885985914939	204.794938737622
Lib3barcode59	1454	300	133	44.3333333333333	300	100	44850	52.259624277098	52.5951557093426	4.76175027804396	50.7429469861376	54.4668587896254	0	0.020066889632107	0.0468227424749164	2.35229046074996	1.37535800027602	226.518796800257
Lib3barcode60	1130	300	81	27	300	100	44850	47.978999624058	51.528384279476	12.2530083383297	48.4848484848485	53.8461538461538	0.00222965440356745	0.240802675585284	1.40468227424749	6.70380911986834	1.52967812620429	184.174204999591
Lib3barcode61	888	300	98	32.6666666666667	300	100	44850	50.8011869944731	52.1857923497268	7.91776695956122	50.1298701298701	54.0119330560507	0	0.109253065774805	0.552954292084727	4.35855953839015	1.34390058494834	224.924769917722
Lib3barcode62	1193	300	150	50	300	100	44850	51.1362833529491	52.2435897435897	7.03094608775397	50.2793296089386	53.968253968254	0	0.040133779264214	0.307692307692308	3.61963157296012	1.45690131488505	240.181816258822
Lib3barcode63	916	300	148	49.3333333333333	300	100	44850	52.3714505502525	52.6610644257703	4.92055638207019	50.6382978723404	54.7337278106509	0	0.0178372352285396	0.0735785953177257	2.46117771948867	1.52757245240494	229.786873519425
Lib3barcode64	841	300	128	42.6666666666667	300	100	44850	52.5081213732488	52.8125	4.75325230851947	50.8417508417508	54.8295454545455	0	0.020066889632107	0.133779264214047	2.07474018236822	1.7506059354679	211.228341914605
Lib3barcode65	2223	300	137	45.6666666666667	300	100	44850	52.7299971101365	52.8045094229049	3.89648291582013	50.936329588015	54.7692307692308	0	0.0133779264214047	0.0512820512820513	1.40098590859032	1.08484338482939	280.973913760094
Lib3barcode66	1804	300	149	49.6666666666667	300	100	44850	52.718972561532	52.8150134048257	3.5596115745043	51.1278195488722	54.5977011494253	0	0.00891861761426979	0.0245261984392419	1.29608156145979	1.17127159951493	280.528436841893
Lib3barcode67	2027	300	124	41.3333333333333	300	100	44850	52.7889602836952	52.9197080291971	4.09469517112499	51.1627906976744	54.760189378345	0.00222965440356745	0.0245261984392419	0.127090301003344	1.65751702818546	1.13489430895459	284.989769716504
Lib3barcode68	889	300	99	33	300	100	44850	52.8221119370479	52.7638190954774	3.34874150594552	51.0028653295129	54.6835443037975	0	0.00222965440356745	0.00891861761426979	1.31235955770615	0.873886169034569	290.300909800782
Lib3barcode69	228	228	120	52.6315789473684	228	100	25878	52.5824289385189	52.5993883792049	3.84447973070058	50.6756756756757	54.6630041817303	0	0.00386428626632661	0.00386428626632661	2.02604752857033	1.36476878280443	190.958968332597
Lib3barcode70	1417	300	151	50.3333333333333	300	100	44850	51.839534267906	52.7896995708155	7.11225806927049	50.7537688442211	54.6875	0	0.247491638795987	0.831661092530658	3.67840024133772	1.33653385631617	246.29610483513
Lib3barcode71	1117	300	191	63.6666666666667	300	100	44850	49.5620919694248	51.7647058823529	9.63923547188667	49.1103202846975	53.680981595092	0.00222965440356745	0.247491638795987	1.01003344481605	5.56917807753393	1.71299329516257	192.897736639203
Lib3barcode72	1309	300	79	26.3333333333333	300	100	44850	51.3788928818143	52.9215200606953	8.50535351409775	50.9915014164306	54.8648648648649	0	0.0468227424749164	0.483835005574136	4.57499549564228	1.15383354861984	232.145999837884
Lib3barcode73	1167	300	144	48	300	100	44850	52.3866982147344	52.8	5.54299704065058	50.9641873278237	54.7085201793722	0	0.0780379041248607	0.361204013377926	2.65713608015973	1.30321475952162	254.849992718479
Lib3barcode74	780	300	122	40.6666666666667	300	100	44850	52.4232154689971	52.5906735751295	3.78471574992803	50.7246376811594	54.4520547945205	0	0.00222965440356745	0.00222965440356745	1.3161129929568	1.24651704175309	279.761958976161
Lib3barcode75	1331	300	108	36	300	100	44850	52.2794678602187	52.4271844660194	3.89713702132814	50.5555555555556	54.2553191489362	0	0.0178372352285396	0.0512820512820513	1.28760433832113	1.07596554753029	295.579075648472
Lib3barcode76	790	300	115	38.3333333333333	300	100	44850	51.5173280021219	52.5	7.43127328851823	50.6607929515419	54.3909348441926	0.00445930880713489	0.147157190635451	0.561872909698997	3.68121430052992	2.34973669907332	225.748875334421
Lib3barcode77	1282	300	104	34.6666666666667	300	100	44850	51.9830083952073	52.4296675191816	5.26939026021903	50.1818181818182	54.4987146529563	0	0.0423634336677815	0.140468227424749	2.0914965383822	1.76458585301925	240.236836613087
Lib3barcode78	2852	300	118	39.3333333333333	300	100	44850	51.6845871116035	52.0912547528517	4.98091983868007	49.8402555910543	54.1795665634675	0	0.00445930880713489	0.0133779264214047	2.63653308098833	1.45904758274904	226.08960214491
Lib3barcode79	771	300	94	31.3333333333333	300	100	44850	48.048452062766	51.9823788546256	13.1128617023161	48.8789237668161	54.320987654321	0.00445930880713489	0.526198439241918	1.84615384615385	7.28231832246335	2.20153881899774	180.170963718711
Lib3barcode80	673	300	72	24	300	100	44850	44.7917173653603	51.171875	16.0482445662409	47.2789115646259	53.7688442211055	0.0178372352285396	1.25975473801561	4.52396878483835	8.28616724075199	1.55738852050286	178.095906086568
Lib3barcode81	1145	300	118	39.3333333333333	300	100	44850	50.1762124156877	52.7210884353742	9.91683164103155	49.7854077253219	55.0595238095238	0	0.00891861761426979	0.12263099219621	5.49228283791864	2.36421532422295	202.568319992119
Lib3barcode82	1482	300	151	50.3333333333333	300	100	44850	51.983262954942	52.2435897435897	4.11869355124031	50	54.2955326460481	0	0	0.0111482720178372	1.48272063164293	1.30200040988103	249.260549760942
Lib3barcode83	1826	300	85	28.3333333333333	300	100	44850	53.0160691074015	53.2751091703057	4.78536913131794	51.4986376021798	55.2325581395349	0	0	0.00222965440356745	2.28822149608202	1.15760955034686	276.751568655835
Lib3barcode84	557	300	105	35	300	100	44850	49.7649693132999	52.5125628140703	10.7440220420468	50.2890173410405	54.4270833333333	0	0.120401337792642	0.731326644370123	5.92132599367599	1.86055688919016	201.8790981484
Lib3barcode85	932	300	63	21	300	100	44850	48.2749421080498	52.0588235294118	11.9767290285029	48.9539748953975	54.178674351585	0.00222965440356745	0.115942028985507	0.581939799331104	6.39776552577674	1.88289574812048	190.663829180262
Lib3barcode86	777	300	141	47	300	100	44850	51.5923451071967	52.887537993921	7.52481411173609	50.990099009901	54.8	0	0	0.00891861761426979	4.36739462619037	2.86106349575337	194.00002889947
Lib3barcode87	797	300	130	43.3333333333333	300	100	44850	52.390208878201	52.5597269624573	4.12786428110064	50.6811989100817	54.4270833333333	0	0.00222965440356745	0.00222965440356745	1.72789272826047	1.35211379278263	261.305110160045
Lib3barcode88	19	19	10	52.6315789473684	19	100	171	53.066212615543	52.8776978417266	2.77447716180192	51.2970430107527	54.7559523809524	0	0	0	10.6467177491249	8.46504246906422	2.51999689712679e-07
Lib3barcode89	852	300	125	41.6666666666667	300	100	44850	51.7506116626064	52.4886877828054	6.0046086291043	50.5791505791506	54.2955326460481	0	0.00668896321070234	0.0512820512820513	3.17030421606324	2.0311236268558	217.137529818476
Lib3barcode90	617	300	71	23.6666666666667	300	100	44850	47.2866945857254	51.440329218107	12.6256549270166	48.2084690553746	53.6784741144414	0	0.115942028985507	0.871794871794872	6.88653038257078	1.99460566707525	181.122869761455
Lib3barcode91	1426	300	143	47.6666666666667	300	100	44850	52.6685450508922	52.7272727272727	3.39973091114588	50.9803921568627	54.5138888888889	0	0	0.00891861761426979	1.25982134277718	0.946757308380109	284.157464865106
Lib3barcode92	695	300	124	41.3333333333333	300	100	44850	52.519826023211	52.7272727272727	4.87580659925487	51.063829787234	54.6195652173913	0	0.0111482720178372	0.0824972129319956	1.75400477768214	1.63008817869893	309.540867338398
Lib3barcode93	724	300	192	64	300	100	44850	50.1065869252638	52.7220630372493	10.0034320933351	50.1587301587302	54.746835443038	0.00222965440356745	0.0735785953177257	0.463768115942029	5.5552167435517	3.33442678001583	187.95464197061
Lib3barcode94	940	300	130	43.3333333333333	300	100	44850	48.6452229385	52.4725274725275	12.4863226569776	49.8039215686275	54.3778801843318	0	0.0758082497212932	0.595317725752508	7.26026351223129	1.79289536912946	182.7678252629
Lib3barcode95	1048	300	105	35	300	100	44850	53.3945381333278	53.2307692307692	3.19976263546766	51.6034985422741	55.1020408163265	0	0	0	1.03272425242551	0.989700762799489	288.518332177937
Lib3barcode96	76	76	22	28.9473684210526	76	100	2850	40.3277464224636	39.5638740344623	10.1699689274698	32.7272727272727	48.6187845303867	0	0	0	10.4820457745416	9.40004680215023	34.2946970860694
