execution	input_reads	mapped_any_target	mapped_fraction	multitarget_reads	multitarget_fraction_of_mapped	tied_best_AS_reads	tied_fraction_of_mapped	has_multitarget	has_tied_best
Lib1barcode41	2831	960	0.33910279	0	0.0	0	0.0	0	0
Lib1barcode42	1018	626	0.61493124	0	0.0	0	0.0	0	0
Lib1barcode43	1469	783	0.53301566	0	0.0	0	0.0	0	0
Lib1barcode44	477	157	0.32914046	0	0.0	0	0.0	0	0
Lib1barcode45	1972	470	0.23833671	0	0.0	0	0.0	0	0
Lib1barcode46	2275	620	0.27252747	0	0.0	0	0.0	0	0
Lib1barcode47	3162	409	0.12934851	0	0.0	0	0.0	0	0
Lib1barcode48	1753	229	0.1306332	0	0.0	0	0.0	0	0
Lib1barcode49	265	77	0.29056604	0	0.0	0	0.0	0	0
Lib1barcode50	951	586	0.61619348	0	0.0	0	0.0	0	0
Lib1barcode51	1235	742	0.60080972	0	0.0	0	0.0	0	0
Lib1barcode52	2012	622	0.30914513	0	0.0	0	0.0	0	0
Lib1barcode53	4436	1082	0.24391344	0	0.0	0	0.0	0	0
Lib1barcode54	2759	801	0.29032258	0	0.0	0	0.0	0	0
Lib1barcode55	3035	416	0.13706755	0	0.0	0	0.0	0	0
Lib1barcode56	2648	374	0.14123867	0	0.0	0	0.0	0	0
Lib1barcode57	3733	2190	0.58665952	0	0.0	0	0.0	0	0
Lib1barcode58	6739	446	0.06618193	0	0.0	0	0.0	0	0
Lib1barcode59	2863	1543	0.53894516	0	0.0	0	0.0	0	0
Lib1barcode60	371	214	0.57681941	0	0.0	0	0.0	0	0
Lib1barcode61	1828	1109	0.60667396	0	0.0	0	0.0	0	0
Lib1barcode62	2028	1207	0.59516765	0	0.0	0	0.0	0	0
Lib1barcode63	3627	1580	0.43562173	0	0.0	0	0.0	0	0
Lib1barcode64	1874	383	0.20437567	0	0.0	0	0.0	0	0
Lib1barcode65	4628	972	0.21002593	0	0.0	0	0.0	0	0
Lib1barcode66	2701	572	0.21177342	0	0.0	0	0.0	0	0
Lib1barcode67	3459	1336	0.3862388	0	0.0	0	0.0	0	0
Lib1barcode68	2968	587	0.19777628	0	0.0	0	0.0	0	0
Lib1barcode69	4730	0	0.0	0		0		0	0
Lib1barcode70	1278	430	0.33646322	0	0.0	0	0.0	0	0
Lib1barcode71	4348	0	0.0	0		0		0	0
Lib1barcode72	4492	381	0.08481745	0	0.0	0	0.0	0	0
Lib1barcode73	7092	0	0.0	0		0		0	0
Lib1barcode74	3643	588	0.16140544	0	0.0	0	0.0	0	0
Lib2barcode01	2120	339	0.15990566	0	0.0	0	0.0	0	0
Lib2barcode02	1807	0	0.0	0		0		0	0
Lib2barcode03	1173	93	0.07928389	0	0.0	0	0.0	0	0
Lib2barcode04	3160	586	0.18544304	0	0.0	0	0.0	0	0
Lib2barcode05	3105	0	0.0	0		0		0	0
Lib2barcode06	2465	707	0.28681542	0	0.0	0	0.0	0	0
Lib2barcode07	2135	358	0.1676815	0	0.0	0	0.0	0	0
Lib2barcode08	5648	0	0.0	0		0		0	0
Lib2barcode09	1530	458	0.29934641	0	0.0	0	0.0	0	0
Lib2barcode10	1171	504	0.43040137	0	0.0	0	0.0	0	0
Lib2barcode11	2509	0	0.0	0		0		0	0
Lib2barcode12	2203	0	0.0	0		0		0	0
Lib2barcode13	5568	694	0.1246408	0	0.0	0	0.0	0	0
Lib2barcode14	1962	659	0.33588175	0	0.0	0	0.0	0	0
Lib2barcode15	1948	423	0.21714579	0	0.0	0	0.0	0	0
Lib2barcode16	2018	0	0.0	0		0		0	0
Lib2barcode17	1930	478	0.24766839	0	0.0	0	0.0	0	0
Lib2barcode18	2854	329	0.1152768	0	0.0	0	0.0	0	0
Lib2barcode19	1878	289	0.15388711	0	0.0	0	0.0	0	0
Lib2barcode20	1876	158	0.08422175	0	0.0	0	0.0	0	0
Lib2barcode21	2033	453	0.22282341	0	0.0	0	0.0	0	0
Lib2barcode22	1285	371	0.28871595	0	0.0	0	0.0	0	0
Lib2barcode23	3562	311	0.0873105	0	0.0	0	0.0	0	0
Lib2barcode24	3193	1	0.00031319	0	0.0	0	0.0	0	0
Lib2barcode25	987	274	0.27760892	0	0.0	0	0.0	0	0
Lib2barcode26	1441	391	0.27133935	0	0.0	0	0.0	0	0
Lib2barcode27	2835	123	0.04338624	0	0.0	0	0.0	0	0
Lib2barcode28	1098	87	0.07923497	0	0.0	0	0.0	0	0
Lib2barcode29	1056	0	0.0	0		0		0	0
Lib2barcode30	2587	608	0.23502126	0	0.0	0	0.0	0	0
Lib2barcode31	1524	313	0.20538058	0	0.0	0	0.0	0	0
Lib2barcode32	1173	218	0.18584825	0	0.0	0	0.0	0	0
Lib2barcode33	2845	0	0.0	0		0		0	0
Lib2barcode34	385	216	0.56103896	0	0.0	0	0.0	0	0
Lib2barcode35	2318	0	0.0	0		0		0	0
Lib2barcode36	4377	0	0.0	0		0		0	0
Lib2barcode37	1145	318	0.27772926	0	0.0	0	0.0	0	0
Lib2barcode38	2399	0	0.0	0		0		0	0
Lib2barcode39	3072	0	0.0	0		0		0	0
Lib2barcode40	500	121	0.242	0	0.0	0	0.0	0	0
Lib2barcode41	4358	0	0.0	0		0		0	0
Lib2barcode42	1574	0	0.0	0		0		0	0
Lib2barcode43	2817	371	0.13170039	0	0.0	0	0.0	0	0
Lib2barcode44	1195	0	0.0	0		0		0	0
Lib2barcode45	1514	415	0.27410832	0	0.0	0	0.0	0	0
Lib2barcode46	1993	410	0.20572002	0	0.0	0	0.0	0	0
Lib2barcode47	1473	199	0.13509844	0	0.0	0	0.0	0	0
Lib2barcode48	1228	231	0.18811075	0	0.0	0	0.0	0	0
Lib2barcode49	2435	0	0.0	0		0		0	0
Lib2barcode50	2766	317	0.11460593	0	0.0	0	0.0	0	0
Lib2barcode51	2572	199	0.0773717	0	0.0	0	0.0	0	0
Lib2barcode52	1079	247	0.22891566	0	0.0	0	0.0	0	0
Lib2barcode53	1742	776	0.44546498	0	0.0	0	0.0	0	0
Lib2barcode54	2042	15	0.00734574	0	0.0	0	0.0	0	0
Lib2barcode55	2086	176	0.084372	0	0.0	0	0.0	0	0
Lib2barcode56	3282	344	0.10481414	0	0.0	0	0.0	0	0
Lib2barcode57	1285	183	0.14241245	0	0.0	0	0.0	0	0
Lib2barcode58	3947	0	0.0	0		0		0	0
Lib2barcode59	983	0	0.0	0		0		0	0
Lib2barcode60	1752	0	0.0	0		0		0	0
Lib2barcode61	2752	0	0.0	0		0		0	0
Lib2barcode62	2900	0	0.0	0		0		0	0
Lib2barcode63	2467	0	0.0	0		0		0	0
Lib2barcode64	1015	127	0.12512315	0	0.0	0	0.0	0	0
Lib2barcode65	1372	248	0.18075802	0	0.0	0	0.0	0	0
Lib2barcode66	3154	0	0.0	0		0		0	0
Lib2barcode67	986	121	0.12271805	0	0.0	0	0.0	0	0
Lib2barcode68	1990	0	0.0	0		0		0	0
Lib2barcode69	1221	0	0.0	0		0		0	0
Lib2barcode70	848	244	0.28773585	0	0.0	0	0.0	0	0
Lib2barcode71	1743	389	0.22317843	0	0.0	0	0.0	0	0
Lib2barcode72	1303	316	0.24251727	0	0.0	0	0.0	0	0
Lib2barcode73	2452	408	0.16639478	0	0.0	0	0.0	0	0
Lib2barcode74	2610	0	0.0	0		0		0	0
Lib2barcode75	2575	192	0.07456311	0	0.0	0	0.0	0	0
Lib2barcode76	749	60	0.08010681	37	0.61666667	3	0.05	1	1
Lib2barcode77	2361	1	0.00042355	0	0.0	0	0.0	0	0
Lib2barcode78	6485	0	0.0	0		0		0	0
Lib2barcode79	2369	328	0.13845504	0	0.0	0	0.0	0	0
Lib2barcode80	392	0	0.0	0		0		0	0
Lib2barcode81	2655	630	0.23728814	0	0.0	0	0.0	0	0
Lib2barcode82	1243	30	0.02413516	15	0.5	4	0.13333333	1	1
Lib2barcode83	1460	0	0.0	0		0		0	0
Lib2barcode84	731	0	0.0	0		0		0	0
Lib2barcode85	719	127	0.17663421	0	0.0	0	0.0	0	0
Lib2barcode86	1248	230	0.18429487	0	0.0	0	0.0	0	0
Lib2barcode87	361	102	0.28254848	0	0.0	0	0.0	0	0
Lib2barcode88	884	0	0.0	0		0		0	0
Lib2barcode89	1494	534	0.35742972	0	0.0	0	0.0	0	0
Lib2barcode90	717	115	0.16039052	0	0.0	0	0.0	0	0
Lib2barcode91	1130	97	0.08584071	0	0.0	0	0.0	0	0
Lib2barcode92	690	0	0.0	0		0		0	0
Lib2barcode93	709	0	0.0	0		0		0	0
Lib2barcode94	196	0	0.0	0		0		0	0
Lib2barcode95	782	467	0.5971867	0	0.0	0	0.0	0	0
Lib2barcode96	850	0	0.0	0		0		0	0
Lib3barcode01	4484	832	0.18554862	0	0.0	0	0.0	0	0
Lib3barcode02	5090	1	0.00019646	0	0.0	0	0.0	0	0
Lib3barcode03	1865	384	0.20589812	0	0.0	0	0.0	0	0
Lib3barcode09	3545	629	0.177433	0	0.0	0	0.0	0	0
Lib3barcode10	3464	784	0.22632794	0	0.0	0	0.0	0	0
Lib3barcode11	4136	0	0.0	0		0		0	0
Lib3barcode12	2896	306	0.10566298	0	0.0	0	0.0	0	0
Lib3barcode13	4085	1	0.0002448	0	0.0	0	0.0	0	0
Lib3barcode14	5538	1	0.00018057	0	0.0	0	0.0	0	0
Lib3barcode15	2702	184	0.06809771	92	0.5	5	0.02717391	1	1
Lib3barcode16	1351	0	0.0	0		0		0	0
Lib3barcode17	2846	831	0.29198876	0	0.0	0	0.0	0	0
Lib3barcode18	2871	1	0.00034831	0	0.0	0	0.0	0	0
Lib3barcode19	3476	1	0.00028769	0	0.0	0	0.0	0	0
Lib3barcode20	2184	132	0.06043956	0	0.0	0	0.0	0	0
Lib3barcode21	3251	196	0.06028914	0	0.0	0	0.0	0	0
Lib3barcode22	5450	0	0.0	0		0		0	0
Lib3barcode23	5255	0	0.0	0		0		0	0
Lib3barcode24	3249	0	0.0	0		0		0	0
Lib3barcode25	3997	135	0.03377533	0	0.0	0	0.0	0	0
Lib3barcode26	5149	481	0.0934162	0	0.0	0	0.0	0	0
Lib3barcode27	3771	736	0.19517369	0	0.0	0	0.0	0	0
Lib3barcode28	2549	0	0.0	0		0		0	0
Lib3barcode29	3368	3	0.00089074	0	0.0	0	0.0	0	0
Lib3barcode30	3598	0	0.0	0		0		0	0
Lib3barcode31	1291	122	0.09450039	0	0.0	0	0.0	0	0
Lib3barcode32	2371	237	0.09995782	0	0.0	0	0.0	0	0
Lib3barcode33	1734	453	0.26124567	0	0.0	0	0.0	0	0
Lib3barcode34	3311	395	0.11929931	0	0.0	0	0.0	0	0
Lib3barcode35	4378	410	0.09365007	0	0.0	0	0.0	0	0
Lib3barcode36	5522	466	0.08438971	0	0.0	0	0.0	0	0
Lib3barcode37	4744	600	0.12647555	0	0.0	0	0.0	0	0
Lib3barcode38	3240	0	0.0	0		0		0	0
Lib3barcode39	2098	358	0.1706387	0	0.0	0	0.0	0	0
Lib3barcode40	2865	0	0.0	0		0		0	0
Lib3barcode41	4110	1	0.00024331	0	0.0	0	0.0	0	0
Lib3barcode42	2463	0	0.0	0		0		0	0
Lib3barcode43	3164	1	0.00031606	0	0.0	0	0.0	0	0
Lib3barcode44	1700	2	0.00117647	0	0.0	0	0.0	0	0
Lib3barcode45	2948	716	0.24287653	0	0.0	0	0.0	0	0
Lib3barcode46	4077	0	0.0	0		0		0	0
Lib3barcode47	2707	2	0.00073883	0	0.0	0	0.0	0	0
Lib3barcode48	3094	1	0.00032321	0	0.0	0	0.0	0	0
Lib3barcode49	2181	0	0.0	0		0		0	0
Lib3barcode50	1969	317	0.16099543	0	0.0	0	0.0	0	0
Lib3barcode51	3365	1	0.00029718	0	0.0	0	0.0	0	0
Lib3barcode52	3863	1	0.00025887	0	0.0	0	0.0	0	0
Lib3barcode53	3775	341	0.09033113	0	0.0	0	0.0	0	0
Lib3barcode54	3511	511	0.14554258	0	0.0	0	0.0	0	0
Lib3barcode55	4642	1	0.00021542	0	0.0	0	0.0	0	0
Lib3barcode56	2728	0	0.0	0		0		0	0
Lib3barcode57	6451	432	0.06696636	0	0.0	0	0.0	0	0
Lib3barcode58	5442	562	0.10327086	0	0.0	0	0.0	0	0
Lib3barcode59	3887	0	0.0	0		0		0	0
Lib3barcode60	2363	398	0.16842996	0	0.0	0	0.0	0	0
Lib3barcode61	1878	251	0.13365282	0	0.0	0	0.0	0	0
Lib3barcode62	2641	289	0.10942825	0	0.0	0	0.0	0	0
Lib3barcode63	2380	2	0.00084034	0	0.0	0	0.0	0	0
Lib3barcode64	2107	65	0.03084955	0	0.0	0	0.0	0	0
Lib3barcode65	5799	1	0.00017244	0	0.0	0	0.0	0	0
Lib3barcode66	5129	7	0.00136479	0	0.0	0	0.0	0	0
Lib3barcode67	5556	215	0.0386969	0	0.0	0	0.0	0	0
Lib3barcode68	2263	0	0.0	0		0		0	0
Lib3barcode69	621	0	0.0	0		0		0	0
Lib3barcode70	3333	294	0.08820882	0	0.0	0	0.0	0	0
Lib3barcode71	2405	263	0.10935551	0	0.0	0	0.0	0	0
Lib3barcode72	2842	397	0.13969036	0	0.0	0	0.0	0	0
Lib3barcode73	3220	178	0.0552795	0	0.0	0	0.0	0	0
Lib3barcode74	1965	0	0.0	0		0		0	0
Lib3barcode75	3264	1	0.00030637	0	0.0	0	0.0	0	0
Lib3barcode76	1773	233	0.13141568	0	0.0	0	0.0	0	0
Lib3barcode77	3732	0	0.0	0		0		0	0
Lib3barcode78	6053	1	0.00016521	0	0.0	0	0.0	0	0
Lib3barcode79	1624	0	0.0	0		0		0	0
Lib3barcode80	1589	259	0.16299559	159	0.61389961	10	0.03861004	1	1
Lib3barcode81	2466	506	0.20519059	0	0.0	0	0.0	0	0
Lib3barcode82	4485	1	0.00022297	0	0.0	0	0.0	0	0
Lib3barcode83	6123	0	0.0	0		0		0	0
Lib3barcode84	1335	198	0.14831461	0	0.0	0	0.0	0	0
Lib3barcode85	2013	423	0.21013413	0	0.0	0	0.0	0	0
Lib3barcode86	1850	2	0.00108108	0	0.0	0	0.0	0	0
Lib3barcode87	2566	105	0.04091972	0	0.0	0	0.0	0	0
Lib3barcode88	115	1	0.00869565	0	0.0	0	0.0	0	0
Lib3barcode89	2140	0	0.0	0		0		0	0
Lib3barcode90	1369	246	0.17969321	0	0.0	0	0.0	0	0
Lib3barcode91	4367	0	0.0	0		0		0	0
Lib3barcode92	2251	153	0.06796979	0	0.0	0	0.0	0	0
Lib3barcode93	1638	0	0.0	0		0		0	0
Lib3barcode94	2110	0	0.0	0		0		0	0
Lib3barcode95	4589	0	0.0	0		0		0	0
Lib3barcode96	2925	0	0.0	0		0		0	0
