execution	candidate_targets	reads_input	references_input	consensuses_input	reads_retained	references_retained	consensuses_retained	entities_dropped_low_overlap	dropped_ids	minimum_comparable_columns	PCoA1_var_pct	PCoA2_var_pct
Lib1barcode41	CalHV3	162	1	1	162	1	1	0		40	2.03577963628866	1.51579872988582
Lib1barcode42	CalHV3|H1_internal	243	2	2	243	2	2	0		40	1.02697367389152	0.871873388042197
Lib1barcode43	CalHV3	220	1	1	220	1	1	0		40	1.48734758621334	0.956598792065325
Lib1barcode44	CalHV3	148	1	1	148	1	1	0		40	1.29680211707871	1.14662390017421
Lib1barcode45	CalHV3	131	1	1	131	1	1	0		40	1.95847538008808	1.73206591372059
Lib1barcode46	CalHV3	147	1	1	147	1	1	0		40	2.6690398245738	1.73017193968074
Lib1barcode47	CalHV3	73	1	1	73	1	1	0		40	4.07650057061878	2.95130037612455
Lib1barcode48	CalHV3	74	1	1	74	1	1	0		40	2.57099264918356	2.35223990071071
Lib1barcode49	CalHV3	72	1	1	72	1	1	0		40	3.9868401785138	3.34056180079233
Lib1barcode50	CalHV3|H1_internal	243	2	1	243	2	1	0		40	0.964172592684373	0.703529195719632
Lib1barcode51	CalHV3	220	1	1	220	1	1	0		40	1.70133869204988	1.13215191208371
Lib1barcode52	CalHV3	139	1	1	139	1	1	0		40	1.91507108740531	1.51437039679826
Lib1barcode53	CalHV3	135	1	1	135	1	1	0		40	1.87503232233981	1.75338208885549
Lib1barcode54	CalHV3	166	1	1	166	1	1	0		40	1.50641716127003	1.35418912445659
Lib1barcode55	CalHV3	93	1	1	93	1	1	0		40	3.2027900067043	2.25893855493392
Lib1barcode56	CalHV3	75	1	1	75	1	1	0		40	2.58219787689496	2.4527851595531
Lib1barcode57	CalHV3	230	1	1	230	1	1	0		40	1.27992512033641	0.998167184812879
Lib1barcode58	H1_internal	32	1	1	32	1	1	0		40	8.22908036401242	5.60632211059755
Lib1barcode59	CalHV3	207	1	1	207	1	1	0		40	1.08428810564943	1.04684314479459
Lib1barcode60	CalHV3	206	1	1	206	1	1	0		40	1.1549491033473	0.98010381606767
Lib1barcode61	CalHV3	232	1	1	232	1	1	0		40	1.40502678937969	1.21018865585894
Lib1barcode62	CalHV3	223	1	1	223	1	1	0		40	1.69217406343379	1.35392204672034
Lib1barcode63	CalHV3	194	1	1	194	1	1	0		40	1.03507047687649	0.925755793679043
Lib1barcode64	CalHV3	93	1	1	93	1	1	0		40	3.75684537890418	2.36364050644083
Lib1barcode65	H1_internal	96	1	1	96	1	1	0		40	2.44630479447658	2.21024408510051
Lib1barcode66	CalHV3	104	1	1	104	1	1	0		40	1.67474117340133	1.51253803377066
Lib1barcode67	CalHV3	166	1	1	166	1	1	0		40	0.890916347484107	0.85367189263461
Lib1barcode68	CalHV3	96	1	1	96	1	1	0		40	1.59497808862701	1.53477640162382
Lib1barcode70	CalHV3	168	1	1	168	1	1	0		40	1.70944945197236	1.51795319776535
Lib1barcode72	H1_internal	47	1	1	47	1	1	0		40	8.85041286203363	5.89407696356984
Lib1barcode74	CalHV3	91	1	1	91	1	1	0		40	3.79452291882125	2.4588916792558
Lib2barcode01	CalHV3|H1_internal	91	2	2	91	2	2	0		40	20.3759365022649	1.75336209002933
Lib2barcode03	CalHV3	51	1	1	51	1	1	0		40	4.1061249458998	3.09982964980278
Lib2barcode04	CalHV3	91	1	1	91	1	1	0		40	2.88072162548847	2.24244940037407
Lib2barcode06	CalHV3	145	1	1	145	1	1	0		40	2.23911369360194	1.62275426766676
Lib2barcode07	CalHV3	73	1	1	73	1	1	0		40	6.44542579751755	5.97346446214921
Lib2barcode09	CalHV3	129	1	1	129	1	1	0		40	2.03620560179246	1.47543036839286
Lib2barcode10	CalHV3	182	1	1	182	1	1	0		40	1.38699653552666	1.08651497015109
Lib2barcode13	H1_internal	97	1	1	97	1	1	0		40	3.58227287331651	2.53725986520824
Lib2barcode14	H1_internal	157	1	1	157	1	1	0		40	1.13141977399645	1.05565761534887
Lib2barcode15	H1_internal	100	1	1	100	1	1	0		40	2.79466224692692	2.24577889692726
Lib2barcode17	CalHV3	103	1	1	103	1	1	0		40	3.26447424303222	2.36384908304415
Lib2barcode18	CalHV3	86	1	1	86	1	1	0		40	3.30250524160468	2.63807833549435
Lib2barcode19	CalHV3	90	1	1	90	1	1	0		40	2.75347293662115	2.48374952056495
Lib2barcode20	CalHV3	66	1	1	66	1	1	0		40	4.30241876547369	3.80867528554286
Lib2barcode21	CalHV3	140	1	1	140	1	1	0		40	1.28470250579689	1.17833084282013
Lib2barcode22	CalHV3	136	1	1	136	1	1	0		40	3.25078291285808	2.34637370292207
Lib2barcode23	CalHV3	57	1	1	57	1	1	0		40	9.17142760942655	5.70933120789449
Lib2barcode25	CalHV3	168	1	1	168	1	1	0		40	2.00949566780206	1.52041779739733
Lib2barcode26	CalHV3	124	1	1	124	1	1	0		40	2.30237091610846	2.08433828090536
Lib2barcode27	CalHV3	27	1	1	27	1	1	0		40	6.00837824174075	5.39988289854991
Lib2barcode28	CalHV3	57	1	1	57	1	1	0		40	7.84976624192592	5.25898849634566
Lib2barcode30	CalHV3	118	1	1	118	1	1	0		40	1.98120332124225	1.46593716152452
Lib2barcode31	CalHV3	105	1	1	105	1	1	0		40	2.44387331247287	2.24299094315219
Lib2barcode32	CalHV3	99	1	1	99	1	1	0		40	5.00812977539437	2.80481669073303
Lib2barcode34	CalHV3	209	1	1	209	1	1	0		40	1.48297098406468	1.0598248499991
Lib2barcode37	CalHV3	132	1	1	132	1	1	0		40	1.72244022100944	1.3183360567716
Lib2barcode40	CalHV3	112	1	1	112	1	1	0		40	2.26567034982347	1.79791192456031
Lib2barcode43	CalHV3	80	1	1	80	1	1	0		40	2.69671829425801	2.15667530532613
Lib2barcode45	CalHV3	132	1	1	132	1	1	0		40	2.7264163747578	2.57078257539314
Lib2barcode46	CalHV3	107	1	1	107	1	1	0		40	2.53076432402348	1.7924168983023
Lib2barcode47	CalHV3	99	1	1	99	1	1	0		40	4.22900906399033	2.88860389691965
Lib2barcode48	CalHV3	98	1	1	98	1	1	0		40	2.58764053956549	2.16252453789654
Lib2barcode50	CalHV3	84	1	1	84	1	1	0		40	4.66868351123708	3.14782056977409
Lib2barcode51	CalHV3	60	1	1	60	1	1	0		40	7.55772099158831	5.38281202709072
Lib2barcode52	CalHV3	93	1	1	93	1	1	0		40	3.21870122838717	2.71855539752816
Lib2barcode53	H1_internal	204	1	1	204	1	1	0		40	1.29594735119065	1.10958874210948
Lib2barcode54	CalHV3	4	1	1	4	1	1	0		40	41.6848134184419	38.7064028725578
Lib2barcode55	CalHV3	51	1	1	51	1	1	0		40	5.41158532271852	4.81254515638578
Lib2barcode56	CalHV3	66	1	1	66	1	1	0		40	3.13868222929059	2.9622274009948
Lib2barcode57	CalHV3	105	1	1	105	1	1	0		40	2.36129190792485	2.2364541603724
Lib2barcode64	CalHV3	90	1	1	90	1	1	0		40	2.56037914480549	2.3442398559857
Lib2barcode65	CalHV3	102	1	1	102	1	1	0		40	3.52283435456039	2.64648601125069
Lib2barcode67	CalHV3	106	1	1	106	1	1	0		40	4.46205322129949	2.49429771492153
Lib2barcode70	CalHV3	150	1	1	150	1	1	0		40	1.70560303066865	1.26174815039696
Lib2barcode71	CalHV3	108	1	1	108	1	1	0		40	2.72080763834548	2.29633745260143
Lib2barcode72	CalHV3	116	1	1	116	1	1	0		40	2.8521997803326	1.99896202173887
Lib2barcode73	CalHV3	97	1	1	97	1	1	0		40	1.60763711428358	1.55119855574156
Lib2barcode75	CalHV3|H1_internal	41	2	2	41	2	2	0		40	25.7491024209926	4.63492832335794
Lib2barcode76	AmacCMV|ApalCMV	45	2	2	45	2	2	0		40	5.41390784484299	3.73112845533216
Lib2barcode79	CalHV3	95	1	1	95	1	1	0		40	2.67916889877211	2.32186190149795
Lib2barcode81	Cebus_albifrons_LCV1	128	1	1	128	1	1	0		40	2.46342242767792	1.87270097658824
Lib2barcode82	AmacCMV|ApalCMV	10	2	2	10	2	2	0		40	21.7378435313856	13.874885106991
Lib2barcode85	CalHV3	104	1	1	104	1	1	0		40	3.63795131327521	2.36078926721299
Lib2barcode86	CalHV3	111	1	1	111	1	1	0		40	2.6189143658906	2.2338695935768
Lib2barcode87	CalHV3	89	1	1	89	1	1	0		40	3.11046852323483	2.46005820425893
Lib2barcode89	CalHV3	185	1	1	185	1	1	0		40	1.25526890209436	1.06036398602174
Lib2barcode90	CalHV3	99	1	1	99	1	1	0		40	3.15436401719873	2.61152914324482
Lib2barcode91	CalHV3	53	1	1	53	1	1	0		40	4.33185807879939	3.50297405142897
Lib2barcode95	HSV6|HSV7	230	2	2	230	2	2	0		40	2.13773634710817	0.932275990765275
Lib3barcode01	CalHV3	95	1	1	95	1	1	0		40	2.84183343001236	2.08719496934703
Lib3barcode03	CalHV3	107	1	1	107	1	1	0		40	1.52139815276932	1.33920152650137
Lib3barcode09	CalHV3	90	1	1	90	1	1	0		40	1.95959056134574	1.65487717408
Lib3barcode10	CalHV3	111	1	1	111	1	1	0		40	2.11398557457909	1.5415412042962
Lib3barcode12	CalHV3	55	1	1	55	1	1	0		40	6.66851712968057	4.63338137553849
Lib3barcode15	AmacCMV|ApalCMV	40	2	2	40	2	2	0		40	5.32047543552444	4.07323937836565
Lib3barcode17	CalHV3	153	1	1	153	1	1	0		40	1.30588343367472	0.982703967138274
Lib3barcode20	CalHV3	68	1	1	68	1	1	0		40	2.50383180765613	2.25682751742385
Lib3barcode21	CalHV3	31	1	1	31	1	1	0		40	10.8456912421933	9.01077347161056
Lib3barcode25	CalHV3	17	1	1	17	1	1	0		40	17.1000307406754	12.4488814377129
Lib3barcode26	CalHV3	53	1	1	53	1	1	0		40	4.02072826045436	3.01394479074771
Lib3barcode27	CalHV3	106	1	1	106	1	1	0		40	2.10443938736701	1.43733543679097
Lib3barcode31	CalHV3	58	1	1	58	1	1	0		40	3.46237618729587	3.07952917682541
Lib3barcode32	CalHV3	57	1	1	57	1	1	0		40	3.90271216147596	2.93314893225383
Lib3barcode33	CalHV3	122	1	1	122	1	1	0		40	2.42582452416135	1.90990233376142
Lib3barcode34	CalHV3	74	1	1	74	1	1	0		40	2.75075790906769	2.2502105621313
Lib3barcode35	CalHV3	65	1	1	65	1	1	0		40	4.10360084523195	3.98054411479126
Lib3barcode36	CalHV3	61	1	1	61	1	1	0		40	4.13423197610024	2.83352621856005
Lib3barcode37	CalHV3	67	1	1	67	1	1	0		40	2.25015638123579	2.04474639962104
Lib3barcode39	CalHV3	93	1	1	93	1	1	0		40	2.42528303114559	1.96170081529921
Lib3barcode45	CalHV3	119	1	1	119	1	1	0		40	1.7898915595247	1.25175792009386
Lib3barcode50	CalHV3	95	1	1	95	1	1	0		40	2.88921773748678	2.23149092887491
Lib3barcode53	CalHV3	46	1	1	46	1	1	0		40	6.14801299374481	3.61811677517184
Lib3barcode54	CalHV3	81	1	1	81	1	1	0		40	2.94943270796764	2.49077365150475
Lib3barcode57	CalHV3	46	1	1	46	1	1	0		40	5.9908555657818	5.36197309781661
Lib3barcode58	CalHV3	66	1	1	66	1	1	0		40	3.78792994077993	2.77444750260293
Lib3barcode60	CalHV3	103	1	1	103	1	1	0		40	2.02519181245001	1.4252215949716
Lib3barcode61	CalHV3	63	1	1	63	1	1	0		40	2.85925855519747	2.58154728184038
Lib3barcode62	CalHV3	60	1	1	60	1	1	0		40	3.38801411689406	2.75336279666867
Lib3barcode64	CalHV3	23	1	1	23	1	1	0		40	13.3228206114061	9.31429342413859
Lib3barcode67	CalHV3	24	1	1	24	1	1	0		40	13.1898461473328	8.26033067368638
Lib3barcode70	CalHV3	54	1	1	54	1	1	0		40	3.25761930371725	2.87199847194177
Lib3barcode71	CalHV3	69	1	1	69	1	1	0		40	4.91316600440645	3.65239565983618
Lib3barcode72	CalHV3	70	1	1	70	1	1	0		40	2.64077127384915	2.05529916150992
Lib3barcode73	CalHV3	37	1	1	37	1	1	0		40	9.04893799252792	6.41139238750096
Lib3barcode76	CalHV3	75	1	1	75	1	1	0		40	2.39230688868828	1.99803853136551
Lib3barcode80	AmacCMV|ApalCMV	111	2	2	111	2	2	0		40	1.58907388829567	1.3144803967128
Lib3barcode81	Cebus_albifrons_LCV1	106	1	1	106	1	1	0		40	1.71548086192065	1.28144492646339
Lib3barcode84	CalHV3	106	1	1	106	1	1	0		40	2.4955039259113	1.88352005464974
Lib3barcode85	CalHV3	115	1	1	115	1	1	0		40	1.47554789955054	1.13562545779029
Lib3barcode87	HSV7|H1_internal	33	2	2	33	2	2	0		40	16.0819240687949	5.53689125279939
Lib3barcode90	CalHV3	113	1	1	113	1	1	0		40	2.12495046885059	1.51284294830355
Lib3barcode92	CalHV3	50	1	1	50	1	1	0		40	4.08709420933958	3.91114035700187
