execution	target_folder	target_label	sampled_reads_R	sampled_reads_mapped	sampled_reads_canonical_confirmed	median_divergence_aligned_pct	q25_divergence_aligned_pct	q75_divergence_aligned_pct	median_query_coverage_pct	reads_coverage_ge_70	reads_coverage_ge_80	reads_coverage_ge_90
Lib1barcode41	montagens_CALHV3	CalHV3	300	162	162	5.266106442577031	3.357372350507362	7.682496075353218	89.31459535480136	158	146	71
Lib1barcode42	montagens_CALHV3	CalHV3	300	9	9	8.372093023255815	4.848484848484849	11.682242990654206	89.82300884955752	8	7	4
Lib1barcode42	montagens_consenso_H1	H1_internal	300	234	234	8.705624252094136	6.614714909075725	10.746919562508651	97.78761061946902	225	216	194
Lib1barcode43	montagens_CALHV3	CalHV3	300	220	220	6.220095693779904	4.015075376884422	8.362676056338028	88.98529631288253	219	212	94
Lib1barcode43	montagens_consenso_H1	H1_internal	300	0	0					0	0	0
Lib1barcode44	montagens_CALHV3	CalHV3	286	148	148	5.154639175257732	3.381877022653722	7.22396533691917	86.83109118086696	144	121	50
Lib1barcode45	montagens_CALHV3	CalHV3	300	131	131	5.0	3.769826164192361	7.693116961679072	89.03508771929825	129	117	53
Lib1barcode46	montagens_CALHV3	CalHV3	300	147	147	6.598984771573604	3.4534150911258727	8.771687201408097	89.56521739130434	146	138	65
Lib1barcode47	montagens_CALHV3	CalHV3	300	73	73	5.741626794258373	3.6082474226804124	7.5376884422110555	88.44444444444444	71	61	19
Lib1barcode48	montagens_CALHV3	CalHV3	300	74	74	5.463127279897466	3.567036474959443	8.91640866873065	89.03884661593912	72	62	25
Lib1barcode49	montagens_CALHV3	CalHV3	151	72	72	5.305973090131172	4.207459207459207	8.049022289074252	89.33186869992247	69	60	28
Lib1barcode50	montagens_CALHV3	CalHV3	300	6	6	6.041582830315225	4.380267214799589	7.949362843729041	91.90415996322685	5	5	4
Lib1barcode50	montagens_consenso_H1	H1_internal	300	237	237	8.333333333333334	6.578947368421052	10.55045871559633	97.80701754385964	220	211	192
Lib1barcode51	montagens_CALHV3	CalHV3	300	220	220	6.372549019607843	4.761904761904762	9.124007060900265	89.7378663003663	220	209	101
Lib1barcode51	montagens_consenso_H1	H1_internal	300	0	0					0	0	0
Lib1barcode52	montagens_CALHV3	CalHV3	300	139	139	5.2356020942408374	3.553299492385787	7.653061224489796	86.84210526315789	135	116	41
Lib1barcode53	montagens_CALHV3	CalHV3	300	135	135	4.854368932038835	2.8930922888070527	6.779700764504479	88.39285714285714	132	118	48
Lib1barcode54	montagens_CALHV3	CalHV3	300	166	166	5.612390993101654	2.9852985298529853	8.085646580907245	88.59649122807018	162	146	61
Lib1barcode55	montagens_CALHV3	CalHV3	300	93	93	5.882352941176471	4.0	8.24742268041237	88.49557522123894	90	80	32
Lib1barcode56	montagens_CALHV3	CalHV3	300	75	75	6.030150753768845	4.345659585628114	8.297660908118026	88.54625550660793	75	68	27
Lib1barcode57	montagens_CALHV3	CalHV3	300	230	230	5.102572112881392	3.474531769648171	7.610020311442112	89.84542512962457	227	211	106
Lib1barcode58	montagens_consenso_H1	H1_internal	300	32	32	7.855587808417997	6.293781353098025	10.491840956102045	97.74237606001304	29	28	20
Lib1barcode59	montagens_CALHV3	CalHV3	300	207	207	4.368932038834951	2.7055485682529468	6.618213323065075	88.69565217391305	202	182	71
Lib1barcode60	montagens_CALHV3	CalHV3	264	206	206	4.975124378109452	3.349282296650718	6.985732750049712	88.86504530281354	202	176	77
Lib1barcode61	montagens_CALHV3	CalHV3	300	232	232	6.957446808510639	5.1883616975441615	9.434885637749845	88.98491749421339	230	214	101
Lib1barcode62	montagens_CALHV3	CalHV3	300	223	223	6.666666666666667	5.134137769447047	8.695855115758029	89.82300884955752	219	208	101
Lib1barcode63	montagens_CALHV3	CalHV3	300	194	194	4.239043625836079	2.898550724637681	5.910471999580911	88.91303492762744	193	173	81
Lib1barcode64	montagens_CALHV3	CalHV3	300	93	93	4.30622009569378	2.8708133971291865	6.862745098039215	88.646288209607	89	81	32
Lib1barcode65	montagens_consenso_H1	H1_internal	300	96	96	8.333333333333334	6.068527918781726	10.054680916264461	97.06956344349246	94	83	58
Lib1barcode66	montagens_CALHV3	CalHV3	300	104	104	4.688644688644688	2.966639028434863	6.568976183111661	88.62138971883859	99	85	37
Lib1barcode67	montagens_CALHV3	CalHV3	300	166	166	4.275558564658091	2.8708133971291865	6.153871948493249	88.98678414096916	164	140	65
Lib1barcode68	montagens_CALHV3	CalHV3	300	96	96	3.827751196172249	2.955665024630542	6.0776369887716095	87.41812227074236	94	76	27
Lib1barcode70	montagens_CALHV3	CalHV3	300	168	168	4.902431990771893	2.955665024630542	8.033492822966508	89.71647509578544	164	161	74
Lib1barcode72	montagens_consenso_H1	H1_internal	300	47	47	7.894736842105263	5.654133797766622	10.293352022426912	97.81659388646288	45	43	37
Lib1barcode74	montagens_CALHV3	CalHV3	300	91	91	5.208333333333333	3.912190922569229	7.89353124427341	89.08296943231441	88	78	37
Lib2barcode01	montagens_CALHV3	CalHV3	300	77	77	6.521739130434782	4.9504950495049505	8.61244019138756	89.95633187772926	75	74	38
Lib2barcode01	montagens_consenso_H1	H1_internal	300	14	14	5.920204682299983	5.708033851147693	10.582677488112806	97.8354572713643	13	13	13
Lib2barcode03	montagens_CALHV3	CalHV3	300	51	51	6.372549019607843	5.2631578947368425	9.2574964302713	88.79310344827586	48	46	20
Lib2barcode04	montagens_CALHV3	CalHV3	300	91	91	7.216494845360825	5.825242718446602	9.250177683013504	89.95633187772926	90	83	42
Lib2barcode06	montagens_CALHV3	CalHV3	300	145	145	4.301075268817204	2.5510204081632653	7.389162561576355	89.38053097345133	145	141	63
Lib2barcode07	montagens_CALHV3	CalHV3	300	73	73	3.0	2.3923444976076556	4.784688995215311	89.86784140969164	71	70	31
Lib2barcode09	montagens_CALHV3	CalHV3	300	129	129	3.827751196172249	2.8708133971291865	5.2631578947368425	90.09009009009009	127	124	66
Lib2barcode10	montagens_CALHV3	CalHV3	300	182	182	4.857740021574973	3.1088082901554404	7.490088406853809	89.95633187772926	176	172	90
Lib2barcode13	montagens_consenso_H1	H1_internal	300	97	97	5.286343612334802	4.845814977973569	6.926406926406926	97.84482758620689	96	95	94
Lib2barcode14	montagens_consenso_H1	H1_internal	300	157	157	5.769230769230769	4.845814977973569	7.359307359307359	97.83549783549783	151	150	146
Lib2barcode15	montagem_LIB_3_HSV6	HSV6	300	0	0					0	0	0
Lib2barcode15	montagens_consenso_H1	H1_internal	300	100	100	5.286343612334802	3.995575221238938	6.862309174447903	97.79248372383142	64	63	57
Lib2barcode17	montagens_CALHV3	CalHV3	300	103	103	3.5	2.538332689086458	6.2353347135955834	89.95633187772926	102	100	49
Lib2barcode18	montagens_CALHV3	CalHV3	300	86	86	4.102564102564102	2.955665024630542	6.295509708737864	89.93430628974181	80	78	41
Lib2barcode19	montagens_CALHV3	CalHV3	300	90	90	3.9408866995073892	2.8708133971291865	5.301296720061022	90.39301310043668	89	88	51
Lib2barcode20	montagens_CALHV3	CalHV3	300	66	66	6.816789215686274	5.7625307753054305	9.29299964054637	91.2280701754386	65	64	44
Lib2barcode21	montagens_CALHV3	CalHV3	300	140	140	3.777455027263925	2.8310254441473166	5.630984621336687	89.95633187772926	135	128	67
Lib2barcode22	montagens_CALHV3	CalHV3	300	136	136	4.511533242876526	3.2776253429782987	6.741459470386093	89.80039331366766	134	131	63
Lib2barcode23	montagens_CALHV3	CalHV3	300	57	57	3.3333333333333335	2.3391812865497075	5.741626794258373	90.64039408866995	55	53	30
Lib2barcode24	montagens_CALHV3	CalHV3	300	0	0					0	0	0
Lib2barcode25	montagens_CALHV3	CalHV3	300	168	168	4.572769710881284	2.9578511674002392	7.7037545787545785	89.95633187772926	166	158	82
Lib2barcode26	montagens_CALHV3	CalHV3	300	124	124	4.336075205640423	2.5063126578164456	6.380396986380759	89.95633187772926	123	120	59
Lib2barcode27	montagens_CALHV3	CalHV3	300	27	27	2.912621359223301	2.484832042618261	4.575550599386674	88.94009216589862	24	24	10
Lib2barcode28	montagens_CALHV3	CalHV3	300	57	57	3.4146341463414633	2.4630541871921183	5.128205128205129	88.646288209607	56	51	13
Lib2barcode30	montagens_CALHV3	CalHV3	300	118	118	3.349282296650718	2.193830805252978	5.065666041275797	89.89006105572301	114	107	55
Lib2barcode31	montagens_CALHV3	CalHV3	300	105	105	4.368932038834951	2.8708133971291865	6.806282722513089	90.33816425120773	103	102	59
Lib2barcode32	montagens_CALHV3	CalHV3	300	99	99	4.109589041095891	2.6342058562555457	6.142960812772134	88.79310344827586	94	89	39
Lib2barcode34	montagens_CALHV3	CalHV3	279	209	209	4.285714285714286	2.6881720430107525	7.177033492822966	88.69565217391305	208	195	85
Lib2barcode37	montagens_CALHV3	CalHV3	300	132	132	3.8096101952425228	2.531694003009974	7.153894413978994	89.80039331366766	129	127	58
Lib2barcode37	montagens_consenso_H1	H1_internal	300	0	0					0	0	0
Lib2barcode40	montagens_CALHV3	CalHV3	277	112	112	3.8648244958924574	2.642349244846213	5.499446107431588	89.93430628974181	109	109	54
Lib2barcode43	montagens_CALHV3	CalHV3	300	80	80	6.698717948717949	5.633830455259027	8.894389438943895	89.75496031746032	77	75	37
Lib2barcode45	montagens_CALHV3	CalHV3	300	132	132	4.411870719692419	2.930520034100597	9.366246498599441	89.53322219576089	131	129	61
Lib2barcode45	montagens_consenso_H1	H1_internal	300	0	0					0	0	0
Lib2barcode46	montagens_CALHV3	CalHV3	300	107	107	4.30622009569378	2.934143191926921	6.295731707317073	90.0	107	102	54
Lib2barcode46	montagens_consenso_H1	H1_internal	300	0	0					0	0	0
Lib2barcode47	montagens_CALHV3	CalHV3	300	99	99	6.666666666666667	4.926108374384237	8.62094090787652	89.1891891891892	97	91	39
Lib2barcode48	montagens_CALHV3	CalHV3	300	98	98	6.765149610258989	5.689935064935065	8.532035175879397	89.93392070484582	95	91	49
Lib2barcode50	montagens_CALHV3	CalHV3	300	84	84	4.030456852791878	2.9889162561576352	5.567529591083379	89.93221690590111	81	78	39
Lib2barcode51	montagens_CALHV3	CalHV3	300	60	60	3.349282296650718	2.4630541871921183	4.522415762421474	89.93430628974181	59	56	27
Lib2barcode51	montagens_consenso_H1	H1_internal	300	0	0					0	0	0
Lib2barcode52	montagens_CALHV3	CalHV3	300	93	93	5.769230769230769	4.522613065326633	8.056872037914692	89.60396039603961	93	87	44
Lib2barcode53	montagens_consenso_H1	H1_internal	300	204	204	7.0330010047144285	5.536529680365296	9.298219095256417	97.82134042149231	185	184	175
Lib2barcode54	montagens_CALHV3	CalHV3	300	4	4	3.5816814764183187	2.645369705671213	5.717816730538107	70.25913275913275	2	1	1
Lib2barcode55	montagens_CALHV3	CalHV3	300	51	51	3.6082474226804124	2.577319587628866	4.890238653211536	88.73873873873873	48	44	20
Lib2barcode56	montagens_CALHV3	CalHV3	300	66	66	7.091035341442391	5.557291666666667	8.787128712871288	89.86342750170184	66	64	27
Lib2barcode57	montagens_CALHV3	CalHV3	300	105	105	4.975124378109452	3.225806451612903	7.5	89.95433789954338	102	99	51
Lib2barcode64	montagens_CALHV3	CalHV3	300	90	90	4.296162960262486	3.0808881839809676	6.159314619030259	89.91228070175438	88	84	44
Lib2barcode65	montagens_CALHV3	CalHV3	300	102	102	5.851229380641145	3.8416871835369535	10.148902821316614	88.67097019176002	96	86	36
Lib2barcode67	montagens_CALHV3	CalHV3	300	106	106	4.708849532995205	3.0345024089519765	6.8919905126801675	89.18154761904762	104	100	49
Lib2barcode70	montagens_CALHV3	CalHV3	300	150	150	4.102671996633704	2.955665024630542	5.576703464027407	89.86784140969164	145	141	70
Lib2barcode71	montagens_CALHV3	CalHV3	300	108	108	3.8754492302740973	2.418474473916477	6.905852793378658	89.19379719087439	107	100	45
Lib2barcode72	montagens_CALHV3	CalHV3	300	116	116	3.827751196172249	2.792346542346542	5.783233756534727	89.89006105572301	113	110	49
Lib2barcode73	montagem_LIB_3_HSV6	HSV6	300	0	0					0	0	0
Lib2barcode73	montagens_CALHV3	CalHV3	300	97	97	7.246376811594203	6.372549019607843	8.374384236453203	89.86784140969164	89	85	43
Lib2barcode75	montagens_CALHV3	CalHV3	300	36	36	7.481715508234241	5.609243697478991	9.135254988913527	89.65116279069767	35	33	18
Lib2barcode75	montagens_consenso_H1	H1_internal	300	5	5	10.572687224669604	7.488986784140969	11.11111111111111	97.84482758620689	4	4	3
Lib2barcode76	montagens_Alouatta_macconnelli_cytomegalovirus	AmacCMV	300	26	26	10.232558139534884	9.243057123504178	11.388329979879275	93.80530973451327	26	26	22
Lib2barcode76	montagens_Alouatta_palliata_cytomegalovirus	ApalCMV	300	45	45	10.0	9.137055837563452	11.616161616161616	85.77777777777777	43	36	3
Lib2barcode77	montagens_CALHV3	CalHV3	300	0	0					0	0	0
Lib2barcode79	montagens_CALHV3	CalHV3	300	95	95	3.389830508474576	2.051335998316852	4.784688995215311	89.95633187772926	94	86	46
Lib2barcode79	montagens_consenso_H1	H1_internal	300	0	0					0	0	0
Lib2barcode81	montagens_Cebus_albifrons_lymphocryptovirus_1	Cebus_albifrons_LCV1	300	128	128	5.817029654238956	4.730642050151557	8.355263157894736	88.03827751196172	124	110	16
Lib2barcode82	montagens_Alouatta_macconnelli_cytomegalovirus	AmacCMV	300	5	5	10.232558139534884	9.389671361502348	10.471204188481675	95.08928571428571	5	4	4
Lib2barcode82	montagens_Alouatta_palliata_cytomegalovirus	ApalCMV	300	10	10	10.05050505050505	9.260199285579997	11.276515151515152	86.44444444444444	9	7	1
Lib2barcode85	montagens_CALHV3	CalHV3	300	104	104	6.829430801446792	5.846554582050675	8.51078167115903	90.16151332327803	102	94	54
Lib2barcode86	montagens_CALHV3	CalHV3	300	111	111	4.040404040404041	2.891717378176244	6.186970923813029	89.91228070175438	109	103	50
Lib2barcode87	montagens_CALHV3	CalHV3	192	89	89	4.901960784313726	3.5	7.8431372549019605	89.47368421052632	87	83	35
Lib2barcode89	montagens_CALHV3	CalHV3	300	185	185	3.409090909090909	2.5	5.2631578947368425	90.54054054054055	180	173	94
Lib2barcode90	montagens_CALHV3	CalHV3	300	99	99	4.819277108433735	3.313985410620441	6.909257802255442	90.0	97	95	50
Lib2barcode91	montagens_CALHV3	CalHV3	300	53	53	6.698564593301436	5.741626794258373	8.333333333333334	90.82969432314411	50	44	28
Lib2barcode95	montagem_LIB_3_HSV6	HSV6	300	215	215	8.457711442786069	6.796116504854369	10.096153846153847	89.91228070175438	199	170	94
Lib2barcode95	montagem_LIB_3_HSV7	HSV7	300	15	15	1.1627906976744187	0.5763736628795428	3.2705045782193647	76.3157894736842	13	4	0
Lib2barcode95	montagens_consenso_H1	H1_internal	300	0	0					0	0	0
Lib3barcode01	montagens_CALHV3	CalHV3	300	95	95	6.111111111111111	5.025252525252525	9.973042294807371	88.94009216589862	82	76	39
Lib3barcode02	montagens_CALHV3	CalHV3	300	0	0					0	0	0
Lib3barcode03	montagens_CALHV3	CalHV3	300	107	107	4.060913705583756	2.3923444976076556	7.6696888017642735	88.69565217391305	79	74	42
Lib3barcode09	montagens_CALHV3	CalHV3	300	90	90	3.3736702745389513	2.3838004101161996	6.272644927536232	91.02949626508331	81	76	48
Lib3barcode10	montagens_CALHV3	CalHV3	300	111	111	6.875	5.48659137270511	10.785950850240738	88.88888888888889	97	90	43
Lib3barcode12	montagens_CALHV3	CalHV3	300	55	55	4.390243902439025	2.4630541871921183	6.427776894962657	89.42731277533039	46	44	22
Lib3barcode13	montagens_Cebus_albifrons_lymphocryptovirus_1	Cebus_albifrons_LCV1	300	0	0					0	0	0
Lib3barcode14	montagens_CALHV3	CalHV3	300	0	0					0	0	0
Lib3barcode15	montagens_Alouatta_macconnelli_cytomegalovirus	AmacCMV	300	18	18	9.767441860465116	8.521464646464647	11.777777777777779	91.79744346116027	17	16	11
Lib3barcode15	montagens_Alouatta_palliata_cytomegalovirus	ApalCMV	300	40	40	10.220814132104454	8.78412824289113	11.803143093465675	83.36971484759096	36	30	5
Lib3barcode15	montagens_CALHV3	CalHV3	300	0	0					0	0	0
Lib3barcode17	montagens_CALHV3	CalHV3	300	153	153	3.553299492385787	2.7472527472527473	6.382978723404255	88.83248730964468	128	119	69
Lib3barcode18	montagens_CALHV3	CalHV3	300	0	0					0	0	0
Lib3barcode19	montagens_CALHV3	CalHV3	300	0	0					0	0	0
Lib3barcode20	montagens_CALHV3	CalHV3	300	68	68	3.884318947839819	2.4817961165048543	7.698301386940939	87.8626777616343	49	48	23
Lib3barcode21	montagens_CALHV3	CalHV3	300	31	31	3.0150753768844223	2.0678600053433076	5.422700014626297	85.28138528138528	19	19	8
Lib3barcode25	montagens_CALHV3	CalHV3	300	17	17	3.349282296650718	2.3923444976076556	3.9408866995073892	88.49557522123894	14	13	6
Lib3barcode26	montagens_CALHV3	CalHV3	300	53	53	6.372549019607843	5.41871921182266	8.056872037914692	88.646288209607	45	41	21
Lib3barcode27	montagens_CALHV3	CalHV3	300	106	106	3.0896016291205295	2.1620142309797483	6.042533518261673	88.68744872846597	91	85	39
Lib3barcode29	montagens_CALHV3	CalHV3	300	0	0					0	0	0
Lib3barcode31	montagens_CALHV3	CalHV3	300	58	58	4.039408866995074	2.5095177664974617	9.631406638067283	88.84369205000897	50	47	27
Lib3barcode32	montagens_CALHV3	CalHV3	300	57	57	2.926829268292683	2.030456852791878	5.726872246696035	88.646288209607	50	48	20
Lib3barcode33	montagens_CALHV3	CalHV3	300	122	122	5.884615384615385	2.5193298969072164	10.02584010097883	89.91228070175438	112	107	59
Lib3barcode34	montagens_CALHV3	CalHV3	300	74	74	5.180381633870006	2.8605604921394394	9.828186951820257	89.2278240135727	62	61	27
Lib3barcode35	montagens_CALHV3	CalHV3	300	65	65	4.830917874396135	3.3175355450236967	9.836065573770492	89.91228070175438	61	59	29
Lib3barcode36	montagens_CALHV3	CalHV3	300	61	61	2.7210884353741496	2.1739130434782608	4.30622009569378	88.646288209607	52	49	22
Lib3barcode37	montagens_CALHV3	CalHV3	300	67	67	3.0303030303030303	1.9421594739199095	5.724925521350546	88.646288209607	59	53	21
Lib3barcode39	montagens_CALHV3	CalHV3	300	93	93	3.9408866995073892	2.830188679245283	9.803921568627452	89.86784140969164	85	80	42
Lib3barcode39	montagens_Cebus_albifrons_lymphocryptovirus_1	Cebus_albifrons_LCV1	300	0	0					0	0	0
Lib3barcode41	montagens_CALHV3	CalHV3	300	0	0					0	0	0
Lib3barcode43	montagens_CALHV3	CalHV3	300	0	0					0	0	0
Lib3barcode44	montagens_CALHV3	CalHV3	300	1	1	5.0	5.0	5.0	41.19170984455958	0	0	0
Lib3barcode44	montagens_Cebus_albifrons_lymphocryptovirus_1	Cebus_albifrons_LCV1	300	0	0					0	0	0
Lib3barcode45	montagens_CALHV3	CalHV3	300	119	119	3.4313725490196076	2.3657628920786813	8.964791427477994	89.68609865470852	110	102	55
Lib3barcode47	montagens_CALHV3	CalHV3	300	1	1	4.098360655737705	4.098360655737705	4.098360655737705	37.88819875776397	0	0	0
Lib3barcode48	montagens_CALHV3	CalHV3	300	0	0					0	0	0
Lib3barcode50	montagens_CALHV3	CalHV3	300	95	95	4.854368932038835	2.7867580499159446	9.373482834354409	89.95633187772926	85	84	47
Lib3barcode51	montagens_CALHV3	CalHV3	300	0	0					0	0	0
Lib3barcode52	montagens_CALHV3	CalHV3	300	0	0					0	0	0
Lib3barcode53	montagens_CALHV3	CalHV3	300	46	46	2.7374719521316377	2.1444778769792334	4.169925919109189	89.8635477582846	42	38	21
Lib3barcode54	montagens_CALHV3	CalHV3	300	81	81	3.349282296650718	2.3923444976076556	5.741626794258373	88.646288209607	74	71	36
Lib3barcode55	montagens_CALHV3	CalHV3	300	0	0					0	0	0
Lib3barcode57	montagens_CALHV3	CalHV3	300	46	46	4.0646841874500295	2.494959034176472	7.5612585181963174	88.646288209607	38	36	14
Lib3barcode58	montagens_CALHV3	CalHV3	300	66	66	4.191524951212712	2.4100219200037714	8.101167862670605	88.646288209607	57	55	25
Lib3barcode60	montagens_CALHV3	CalHV3	300	103	103	3.30188679245283	1.9704433497536946	5.729270232650626	88.69565217391305	89	80	42
Lib3barcode61	montagens_CALHV3	CalHV3	300	63	63	3.349282296650718	1.9560954612846144	6.66908546679063	88.646288209607	52	49	24
Lib3barcode62	montagens_CALHV3	CalHV3	300	60	60	3.1057394890594567	2.2868692106441655	4.997166068392216	89.84542512962457	56	49	26
Lib3barcode63	montagens_CALHV3	CalHV3	300	0	0					0	0	0
Lib3barcode64	montagens_CALHV3	CalHV3	300	23	23	6.310679611650485	5.741626794258373	7.036792608480448	87.82608695652173	14	13	8
Lib3barcode65	montagens_CALHV3	CalHV3	300	0	0					0	0	0
Lib3barcode66	montagens_CALHV3	CalHV3	300	1	1	2.857142857142857	2.857142857142857	2.857142857142857	91.70305676855895	1	1	1
Lib3barcode67	montagens_CALHV3	CalHV3	300	24	24	3.2218717658075007	2.0013115391154397	4.10103279182533	87.62671553337492	19	18	6
Lib3barcode70	montagens_CALHV3	CalHV3	300	54	54	2.519035532994924	1.9277445855115758	3.8930128431719098	86.97656737367436	43	40	12
Lib3barcode71	montagens_CALHV3	CalHV3	300	69	69	3.827751196172249	2.912621359223301	7.731958762886598	91.11111111111111	64	64	37
Lib3barcode71	montagens_Cebus_albifrons_lymphocryptovirus_1	Cebus_albifrons_LCV1	300	0	0					0	0	0
Lib3barcode72	montagens_CALHV3	CalHV3	300	70	70	4.401004304160689	2.8708133971291865	9.341104095839405	88.646288209607	58	57	29
Lib3barcode72	montagens_Cebus_albifrons_lymphocryptovirus_1	Cebus_albifrons_LCV1	300	0	0					0	0	0
Lib3barcode73	montagens_CALHV3	CalHV3	300	37	37	2.912621359223301	2.4630541871921183	4.7368421052631575	88.59649122807018	32	31	14
Lib3barcode75	montagens_CALHV3	CalHV3	300	0	0					0	0	0
Lib3barcode76	montagens_CALHV3	CalHV3	300	75	75	6.666666666666667	5.881196939524159	8.095238095238095	89.42731277533039	60	55	32
Lib3barcode78	montagens_CALHV3	CalHV3	300	0	0					0	0	0
Lib3barcode80	montagens_Alouatta_macconnelli_cytomegalovirus	AmacCMV	300	74	74	9.70873786407767	9.090909090909092	10.278255059182895	92.71568359907997	74	72	59
Lib3barcode80	montagens_Alouatta_palliata_cytomegalovirus	ApalCMV	300	111	111	9.137055837563452	8.50531914893617	10.0	85.84070796460178	104	89	13
Lib3barcode81	montagens_Cebus_albifrons_lymphocryptovirus_1	Cebus_albifrons_LCV1	300	106	106	5.759320175438597	3.8862943194815096	10.325727513227513	87.56095749684383	67	64	13
Lib3barcode82	montagens_CALHV3	CalHV3	300	0	0					0	0	0
Lib3barcode84	montagens_CALHV3	CalHV3	300	106	106	3.349282296650718	1.9811882170132575	7.034361577508786	87.49870801033592	83	76	40
Lib3barcode85	montagens_CALHV3	CalHV3	300	115	115	6.944444444444445	5.304063654447286	8.8638195004029	88.646288209607	85	78	46
Lib3barcode86	montagens_CALHV3	CalHV3	300	0	0					0	0	0
Lib3barcode87	montagem_LIB_3_HSV7	HSV7	300	27	27	2.0833333333333335	1.2076240360832242	5.710312021285173	42.0911528150134	3	1	0
Lib3barcode87	montagens_consenso_H1	H1_internal	300	6	6	4.139359698681733	2.9661016949152543	5.186979931473324	73.8434055952525	3	3	3
Lib3barcode88	montagens_CALHV3	CalHV3	19	0	0					0	0	0
Lib3barcode90	montagens_CALHV3	CalHV3	300	113	113	3.5211267605633805	2.3923444976076556	7.17948717948718	88.83720930232558	97	90	49
Lib3barcode92	montagens_CALHV3	CalHV3	300	50	50	4.115133459721345	2.075918636717185	8.520745774836806	89.19346978557505	39	35	22
