execution	reads_totais	media_original	mediana_original	moda_original	dp_original	minimo_original	maximo_original	q25_original	q75_original	reads_filtradas	reads_removidas	percentual_mantido	media_filtrada	mediana_filtrada	moda_filtrada	dp_filtrado	minimo_filtrado	maximo_filtrado	q25_filtrado	q75_filtrado	min_compr	max_compr
Lib1barcode41	2831	239.502649240551	225	229	176.983846391241	50	3943	143	280.5	1689	1142	59.6608972094666	255.309058614565	229	229	57.4545187497461	180	400	222	292	180	400
Lib1barcode42	1018	311.774066797642	230	232	290.203241491267	50	3408	214	354	685	333	67.2888015717092	244.70802919708	229	232	50.5649025042302	180	400	220	235	180	400
Lib1barcode43	1469	222.690265486726	224	229	116.313093601062	50	1544	172	231	1001	468	68.141592920354	238.698301698302	227	229	44.1019601277867	180	399	220	231	180	400
Lib1barcode44	477	258.863731656184	227	226	157.301189331286	54	1245	172	343	286	191	59.958071278826	262.79020979021	230.5	226	60.1545206942573	183	399	224	301.75	180	400
Lib1barcode45	1972	233.760649087221	223	229	149.261953998331	50	2452	136	279	1065	907	54.0060851926978	255.692018779343	229	229	55.9324829808731	180	399	222	290	180	400
Lib1barcode46	2275	228.203956043956	221	229	148.602480362607	50	1362	127	264	1211	1064	53.2307692307692	252.580511973576	229	229	55.0514327515836	180	400	221.5	279	180	400
Lib1barcode47	3162	178.98513598988	159	71	111.3312420695	50	2028	93	229	1282	1880	40.5439595192916	249.054602184087	229	228	52.0142910903572	180	400	214	271	180	400
Lib1barcode48	1753	243.877353108956	225	227	150.81727246964	50	1324	137	322	975	778	55.6189389617798	273.93641025641	259	227	63.8835090486865	180	399	222	327.5	180	400
Lib1barcode49	265	340.392452830189	232	227	318.4650519865	50	2894	197	375	151	114	56.9811320754717	267.980132450331	232	227	61.7141226623399	180	395	226	321	180	400
Lib1barcode50	951	366.297581493165	231	230	402.023857349729	50	5068	220	403	609	342	64.0378548895899	243.308702791461	229	230	49.1771094969901	181	400	221	234	180	400
Lib1barcode51	1235	227.818623481781	225	228	125.513071412297	51	2345	191	230	879	356	71.1740890688259	240.061433447099	227	228	45.2334703142182	180	400	222	231	180	400
Lib1barcode52	2012	220.251491053678	218.5	229	137.784618397321	50	1313	125	251	1116	896	55.4671968190855	248.277777777778	229	229	53.4240661317801	180	400	219	260	180	400
Lib1barcode53	4436	229.680117222723	221	229	152.764093751274	50	3495	133.75	266	2420	2016	54.5536519386835	255.156611570248	229	229	56.2981625851592	180	400	222	285	180	400
Lib1barcode54	2759	229.020659659297	221	228	157.351013620677	50	1957	124	261	1460	1299	52.9177238129757	251.300684931507	229	228	54.4141141486719	180	400	221	276	180	400
Lib1barcode55	3035	181.205601317957	162	229	120.240400958534	50	1928	92	229	1269	1766	41.8121911037891	248.703703703704	229	229	52.8847669428526	180	400	212	273	180	400
Lib1barcode56	2648	237.929380664653	224	71	152.239739697293	50	1996	136	303	1474	1174	55.6646525679758	269.025780189959	252	226	62.3340486307862	180	400	223	316	180	400
Lib1barcode57	3733	206.440932226092	224	229	96.0557183361228	50	1517	160	229	2581	1152	69.1401017948031	233.858581944983	228	229	35.8869315161837	180	399	222	231	180	400
Lib1barcode58	6739	248.880546075085	228	71	157.613534460451	50	1720	127	348	3423	3316	50.7938863332839	284.501898919077	277	230	65.6118078781426	180	400	228	349.5	180	400
Lib1barcode59	2863	243.292350681104	227	229	140.834557451269	50	2318	201	250	2133	730	74.5022703457911	246.383497421472	229	229	49.0494270521205	180	400	224	250	180	400
Lib1barcode60	371	208.380053908356	224	229	87.0511408000589	53	854	171.5	229	264	107	71.1590296495957	230.465909090909	226.5	229	31.4251898900657	180	400	221	230	180	400
Lib1barcode61	1828	236.522428884026	227	229	142.227844529106	50	1782	200	231	1360	468	74.398249452954	239.163970588235	228	229	44.006659093384	180	400	223	231	180	400
Lib1barcode62	2028	219.402366863905	226	228	90.3405650603936	52	1116	198	230	1548	480	76.3313609467456	233.90503875969	227	228	36.56036123152	180	399	222	231	180	400
Lib1barcode63	3627	220.787151916184	226	229	109.05503916288	50	1209	160	250	2418	1209	66.6666666666667	248.517783291977	229	229	48.4096765892051	180	400	224	258	180	400
Lib1barcode64	1874	227.421558164354	217.5	229	144.107443026507	50	1484	120	293	1001	873	53.4151547491996	262.73026973027	230	229	62.7545470290972	180	400	220	307	180	400
Lib1barcode65	4628	237.011884183232	227	231	136.603310013125	50	1542	147	295	2702	1926	58.3837510803803	263.390451517395	244	231	58.4796109095489	180	400	224	302	180	400
Lib1barcode66	2701	235.027767493521	227	229	153.354550364734	50	3828	138	294	1561	1140	57.7934098482044	261.110826393338	238	229	54.9602060412685	180	399	225	298	180	400
Lib1barcode67	3459	220.237351835791	227	229	118.457631941162	50	2294	145	256	2227	1232	64.3827695865857	251.446340368208	230	229	48.1259687370509	180	399	225	261	180	400
Lib1barcode68	2968	230.327156334232	227	229	132.106285063017	50	1439	128	289	1703	1265	57.3787061994609	266.521432765708	255	229	55.597517928646	180	400	227	299	180	400
Lib1barcode69	4730	255.523890063425	245	71	160.84648136941	50	3086	137	354.75	2526	2204	53.4038054968288	288.25890736342	277	250	63.5867495836016	180	400	239	352	180	400
Lib1barcode70	1278	326.150234741784	229	229	284.770439021381	50	3317	191.25	375	716	562	56.0250391236307	260.016759776536	229	229	59.0758881260187	180	400	224	301	180	400
Lib1barcode71	4348	245.727920883165	218	71	152.649809607559	50	2283	141	340	2124	2224	48.8500459981601	285.30131826742	278	202	65.2119019834279	180	400	231	348	180	400
Lib1barcode72	4492	280.98285841496	242	71	206.31338438474	50	3050	148.75	367	2377	2115	52.9162956366875	286.180900294489	284	232	65.089675944108	180	400	228	351	180	400
Lib1barcode73	7092	280.916948674563	284	71	168.136089155443	50	2190	160	374	3866	3226	54.5121263395375	303.446714950854	310	374	65.8526551652281	180	400	247	367	180	400
Lib1barcode74	3643	213.188306340928	200	71	127.093388873265	50	1667	121	265.5	1784	1859	48.9706286027999	260.354260089686	233	229	58.676867861181	180	400	220	303	180	400
Lib2barcode01	2120	338.406603773585	268	229	225.573684772188	62	2732	202	421	1105	1015	52.122641509434	270.458823529412	247	229	59.2855285186074	181	400	226	319	180	400
Lib2barcode02	1807	330.315993359159	265	202	263.847338079472	50	3778	176	384	935	872	51.743220807969	281.330481283422	271	202	69.3824926025774	180	398	211	348.5	180	400
Lib2barcode03	1173	372.830349531117	316	229	239.390108242877	53	1880	214	484	536	637	45.694799658994	278.14552238806	266.5	229	61.5665379628898	180	400	227.75	330.25	180	400
Lib2barcode04	3160	419.791139240506	287.5	229	359.551239832626	53	3782	218	499	1655	1505	52.373417721519	260.512386706949	230	229	58.8116883729931	180	399	221	306	180	400
Lib2barcode05	3105	443.927536231884	369	328	301.374507302708	58	3060	243	555	1325	1780	42.6731078904992	296.076981132075	305	328	62.4152606683129	180	400	243	345	180	400
Lib2barcode06	2465	355.352535496957	230	229	369.635928202718	65	6964	209	373	1554	911	63.0425963488844	254.782496782497	229	229	55.5774259875604	180	400	222	289.75	180	400
Lib2barcode07	2135	306.131147540984	230	229	225.731713760658	52	2523	187	353	1245	890	58.3138173302108	262.032931726908	233	229	58.0614186517299	180	400	224	306	180	400
Lib2barcode08	5648	405.26540368272	323	381	306.7058723729	58	3745	207	497	2700	2948	47.8045325779037	288.534074074074	293	381	64.5385015244682	180	400	229	341	180	400
Lib2barcode09	1530	309.013071895425	229	229	236.531885221279	60	2819	199	333	944	586	61.6993464052288	250.97563559322	229	229	52.0926497362297	180	400	220.75	278	180	400
Lib2barcode10	1171	276.64047822374	228	229	188.147890642641	53	2216	202	285	805	366	68.7446626814688	245.075776397516	228	229	47.4332521025553	180	400	222	254	180	400
Lib2barcode11	2509	477.678357911519	390	323	343.631017938091	54	4639	265	597	986	1523	39.298525308888	295.769776876268	301	323	61.4436371609329	180	400	249	346	180	400
Lib2barcode12	2203	395.541080344984	340	330	256.555384505773	55	3016	221	494	1017	1186	46.1643213799365	296.074729596854	300	330	62.4318551380226	180	400	245	346	180	400
Lib2barcode13	5568	525.381824712644	401.5	232	402.62254353605	51	3957	233	656	2292	3276	41.1637931034483	280.50479930192	263	232	62.2475835119775	180	400	230	334	180	400
Lib2barcode14	1962	264.598369011213	230	232	202.050187285086	58	2766	171	270	1178	784	60.0407747196738	245.752122241087	231	232	45.5404030395119	180	400	225	251	180	400
Lib2barcode15	1948	424.784907597536	328	232	407.047687205207	55	5220	220	453.25	1068	880	54.8254620123203	288.672284644195	275	232	69.2864779440461	180	400	229	368	180	400
Lib2barcode16	2018	512.296828543112	396	380	369.860131946687	55	2922	258	646	755	1263	37.4132804757185	296.059602649007	298	380	64.6377409635507	180	400	238	354	180	400
Lib2barcode17	1930	378.90725388601	240	229	344.772582950866	55	2929	211	408.75	1128	802	58.4455958549223	255.809397163121	229	229	55.1482314858422	180	399	221	292	180	400
Lib2barcode18	2854	602.736159775753	443	229	490.696307170149	63	4288	257	759.75	1080	1774	37.8416257883672	282.308333333333	271.5	229	65.3700546535829	180	400	227	339	180	400
Lib2barcode19	1878	473.474973375932	333	229	420.95404766048	57	6047	225	585.5	896	982	47.7103301384452	268.306919642857	237	229	61.9743197591304	180	400	224	323.25	180	400
Lib2barcode20	1876	560.754264392324	435	229	441.561023470677	51	5084	246	711	707	1169	37.6865671641791	278.73125884017	273	229	61.5264163904592	180	400	227	328.5	180	400
Lib2barcode21	2033	227.458927693064	213	229	152.365166965938	53	2200	146	238	1096	937	53.9104771273979	244.52098540146	229	229	48.5668537712517	180	400	218	259	180	400
Lib2barcode22	1285	303.537743190662	229	229	236.397355797894	57	3922	195	343	782	503	60.8560311284047	252.964194373402	229	229	54.2787064480899	180	400	222	284.75	180	400
Lib2barcode23	3562	508.774284110051	399	229	372.673627015753	59	4087	238	640.75	1471	2091	41.2970241437395	285.094493541808	281	229	65.4500997301937	180	400	228	343	180	400
Lib2barcode24	3193	565.635452552459	440	385	419.603619221791	56	3831	305	702	1123	2070	35.1706858753523	305.891362422084	315	385	63.3875606074587	180	400	251.5	364.5	180	400
Lib2barcode25	987	476.242147922999	352	229	408.342010938389	53	5350	226	602	451	536	45.694022289767	255.385809312639	229	229	57.6262839178173	180	400	223	281.5	180	400
Lib2barcode26	1441	361.94587092297	230	229	348.695136841478	51	4600	206	392	867	574	60.1665510062457	254.101499423299	229	229	56.8159081832843	180	400	219	290	180	400
Lib2barcode27	2835	233.907231040564	199	226	187.064683186733	54	2939	142	246	1369	1466	48.289241622575	245.54565376187	226	226	51.8619357299815	180	400	210	273	180	400
Lib2barcode28	1098	466.678506375228	331.5	229	436.633572338335	60	3944	218	548	505	593	45.9927140255009	279.554455445545	263	229	66.6285717419451	180	399	228	344	180	400
Lib2barcode29	1056	448.943181818182	354	179	347.929508291835	62	4358	229.75	570.25	445	611	42.1401515151515	291.377528089888	294	382	61.7739007121229	180	398	239	336	180	400
Lib2barcode30	2587	318.923850019327	229	229	272.971557121034	64	4176	197	353	1545	1042	59.721685349826	258.272491909385	230	229	56.1304589351985	180	400	222	298	180	400
Lib2barcode31	1524	337.305118110236	236	229	268.900066282628	54	3357	196.75	399.25	830	694	54.4619422572178	260.656626506024	231	229	57.5549157026318	180	400	224	301.5	180	400
Lib2barcode32	1173	354.51747655584	232	229	375.775890035794	52	4764	192	388	628	545	53.537936913896	263.761146496815	231	229	60.9789904465172	180	398	222	315	180	400
Lib2barcode33	2845	615.732513181019	453	384	523.181207377856	50	4797	302	760	961	1884	33.7785588752197	303.77627471384	314	384	63.5015001386407	180	400	255	359	180	400
Lib2barcode34	385	323.283116883117	229	229	277.463643171365	89	3183	220	330	279	106	72.4675324675325	238.387096774194	228	229	44.2313324257778	180	398	222.5	230	180	400
Lib2barcode35	2318	620.168679896462	482.5	226	482.187485606851	54	4131	306	768	766	1552	33.0457290767903	297.343342036554	302	226	65.3762234271796	180	400	237.25	357	180	400
Lib2barcode36	4377	485.649303175691	392	379	330.230444398701	60	3211	273	610	1750	2627	39.9817226410784	301.408	308	379	63.0838002925331	180	400	251	357	180	400
Lib2barcode37	1145	308.072489082969	229	229	212.074553504743	52	2194	202	367	705	440	61.5720524017467	253.94609929078	229	229	55.2448829357681	180	399	223	278	180	400
Lib2barcode38	2399	533.843684868695	359	379	637.293306328415	51	7852	227	540	1179	1220	49.1454772822009	299.937234944869	311	379	66.4736653077349	180	400	238.5	365	180	400
Lib2barcode39	3072	569.25390625	482.5	306	357.270911291518	65	3039	326	712	996	2076	32.421875	305.182730923695	313	306	59.7332659266443	181	400	261	354	180	400
Lib2barcode40	500	316.632	226	229	285.376298664902	53	2082	171	330.25	277	223	55.4	250.115523465704	229	229	53.7358779307595	182	400	215	285	180	400
Lib2barcode41	4358	521.360715924736	371	329	478.10730839118	55	6170	237	629	1796	2562	41.211564938045	296.162026726058	304	329	63.2505379995075	180	400	242	350	180	400
Lib2barcode42	1574	474.774459974587	382	306	324.544548522066	58	2451	267.25	589.75	651	923	41.3595933926302	298.803379416283	306	306	60.4603726872821	181	400	254.5	347	180	400
Lib2barcode43	2817	522.24884629038	371	229	446.967256274299	57	5044	229	647	1230	1587	43.6634717784877	272.60325203252	252.5	229	60.5998788019843	180	400	227	323	180	400
Lib2barcode44	1195	421.637656903766	335	381	392.652411601169	50	4552	216	452	615	580	51.4644351464435	300.061788617886	304	381	66.7412433963103	180	400	238	369	180	400
Lib2barcode45	1514	371.268163804491	230	229	389.734560749189	64	5136	201	394.5	859	655	56.7371202113606	254.934807916182	229	229	56.8144482145572	180	400	220	291	180	400
Lib2barcode46	1993	473.378825890617	305	229	414.669867350862	51	3319	222	600	986	1007	49.4731560461616	259.092292089249	230	229	57.8627344847324	180	400	221	300.5	180	400
Lib2barcode47	1473	572.852002715547	402	229	502.567563687764	64	5332	229	736	588	885	39.918533604888	266.816326530612	234	229	60.8592948568171	180	400	224	314.25	180	400
Lib2barcode48	1228	388.605863192182	256.5	229	353.727485295002	54	2781	211	415	717	511	58.3876221498371	262.797768479777	231	229	59.4227313458407	180	400	223	311	180	400
Lib2barcode49	2435	531.744969199179	348	169	558.117557639416	54	5512	201	629	920	1515	37.782340862423	292.576086956522	297	306	64.2633377332613	180	400	237	346	180	400
Lib2barcode50	2766	517.556760665221	336	229	499.748737079811	57	6487	223	622	1159	1607	41.9016630513377	272.537532355479	256	229	60.7577092867581	180	400	225	320	180	400
Lib2barcode51	2572	547.395412130638	395.5	229	474.607529262134	65	4644	230	673.25	1006	1566	39.1135303265941	281.761431411531	279	229	64.4937171033715	180	400	226.25	335.75	180	400
Lib2barcode52	1079	325.967562557924	228	229	284.716764940381	78	2884	201.5	347.5	670	409	62.09453197405	248.998507462687	228	229	52.5673743570801	180	400	219	271.75	180	400
Lib2barcode53	1742	401.227898966705	274	232	296.723054778835	65	3453	228	479.75	1065	677	61.1366245694604	256.646948356808	231	232	56.358473125417	180	400	226	281	180	400
Lib2barcode54	2042	411.48971596474	354	333	290.890139301067	50	3311	208.25	516.75	818	1224	40.0587659157689	291.605134474328	294	333	64.9547762688858	180	400	233	347.75	180	400
Lib2barcode55	2086	438.741610738255	324	229	364.871980918736	52	3556	226	535.75	989	1097	47.4113135186961	278.860465116279	272	229	60.5547627832433	180	400	228	328	180	400
Lib2barcode56	3282	413.812614259598	302.5	229	346.378199785628	54	3874	205	504	1536	1746	46.800731261426	270.496744791667	251	229	61.8029546310134	180	400	223.75	320	180	400
Lib2barcode57	1285	511.605447470817	376	229	429.554461060563	71	3949	227	653	522	763	40.6225680933852	271.498084291188	243	229	62.7308251680578	180	399	225	328	180	400
Lib2barcode58	3947	389.407651380796	311	142	316.072908358351	56	4340	196	465.5	1894	2053	47.9858120091209	284.969376979937	287	315	64.1508647766546	180	400	226	335	180	400
Lib2barcode59	983	365.36012207528	298	201	259.667354409078	68	2019	190.5	436.5	479	504	48.7283825025432	277.526096033403	273	201	65.938785860465	180	400	215	330.5	180	400
Lib2barcode60	1752	498.71803652968	376	297	398.283288363773	50	3294	238	622.25	691	1061	39.4406392694064	292.031837916064	296	297	61.9383903751893	180	400	238	342	180	400
Lib2barcode61	2752	462.820494186047	334	270	416.176600784325	54	5007	221	549.25	1234	1518	44.8401162790698	287.987034035656	294	270	61.5122733026916	180	400	236	333.75	180	400
Lib2barcode62	2900	412.459310344828	340.5	315	277.838777726636	59	2726	217.75	527	1259	1641	43.4137931034483	290.281969817315	297	315	62.7896841541692	180	400	236	339	180	400
Lib2barcode63	2467	513.632752330766	407	373	380.851042182575	54	3879	271	640.5	923	1544	37.4138629914876	295.182015167931	301	373	64.5747261011017	180	400	238	353.5	180	400
Lib2barcode64	1015	551.991133004926	402	229	455.065752580648	55	3874	229.5	715	392	623	38.6206896551724	279.826530612245	262	229	64.0446256678507	180	400	227	333.25	180	400
Lib2barcode65	1372	496.648688046647	388.5	228	413.557839431844	60	3651	227	591	570	802	41.5451895043732	269.064912280702	239	228	63.3620250493767	180	400	223	321	180	400
Lib2barcode66	3154	594.880786303107	454	324	470.365915274175	60	4377	296	758.25	1082	2072	34.3056436271401	298.697781885397	309	324	62.7966350044202	180	400	248	352	180	400
Lib2barcode67	986	595.580121703854	488.5	229	444.55768032669	68	4093	293.25	730.5	320	666	32.4543610547667	276.6625	248	229	66.5843220553733	181	400	223.75	336.25	180	400
Lib2barcode68	1990	484.171859296482	377	383	422.962226873215	53	3977	234	572	910	1080	45.7286432160804	303.007692307692	303	383	68.5967389314422	180	399	242	376	180	400
Lib2barcode69	1221	471.259623259623	362	171	360.193741923484	69	2507	221	598	495	726	40.5405405405405	289.109090909091	299	313	64.0677164070105	180	399	232.5	337.5	180	400
Lib2barcode70	848	292.257075471698	228	229	252.220322057858	55	4020	186	316	502	346	59.1981132075472	248.352589641434	229	229	50.0970832261858	180	400	220	269	180	400
Lib2barcode71	1743	391.687894434882	258	229	323.52259640903	52	2830	214	465	926	817	53.126792885829	258.138228941685	229	229	57.7105574368397	180	400	220	301	180	400
Lib2barcode72	1303	322.158864159632	230	229	268.3629356282	53	4502	205.5	376.5	778	525	59.7083653108212	254.344473007712	229	229	53.1040318599847	180	400	223	286.75	180	400
Lib2barcode73	2452	355.333197389886	250	229	277.697951184552	65	2822	196	423.25	1266	1186	51.6313213703099	262.781990521327	235	229	57.8564656379367	180	400	224	307	180	400
Lib2barcode74	2610	345.115325670498	254	220	266.022529706796	52	3489	184	390	1370	1240	52.4904214559387	278.832846715328	252	220	73.8651206070365	180	400	216	364.75	180	400
Lib2barcode75	2575	338.833786407767	289	228	223.58123427941	53	3629	195	426.5	1291	1284	50.1359223300971	280.006971340046	275	228	61.8571305713863	180	400	227	330	180	400
Lib2barcode76	749	356.906542056075	229	226	330.157277903019	51	3419	200	424	397	352	53.0040053404539	254.866498740554	226	226	57.1611651304788	180	400	222	287	180	400
Lib2barcode77	2361	302.644218551461	220	220	220.204261053832	55	1918	174	371	1250	1111	52.9436679373147	254.9096	222	220	62.2206923739007	180	400	212	300	180	400
Lib2barcode78	6485	385.850578257517	316	383	384.114133055777	56	6291	201	386	3736	2749	57.6098689282961	304.735546038544	307.5	383	69.089943356141	180	400	241	376	180	400
Lib2barcode79	2369	447.04685521317	314	229	404.594886120188	57	4088	217	531	1120	1249	47.2773322076826	268.7875	243.5	229	60.7315503010259	180	400	224	319	180	400
Lib2barcode80	392	548.533163265306	401	227	470.47962568136	70	4190	263.5	683	142	250	36.2244897959184	298.661971830986	304	227	59.4914484973366	183	397	253.5	347.5	180	400
Lib2barcode81	2655	417.669303201507	244	214	399.877807093564	57	4718	203	493	1399	1256	52.6930320150659	246.684774839171	214	214	59.2449993404976	180	400	208	287	180	400
Lib2barcode82	1243	338.701528559936	225	226	302.080171753698	53	3809	202	386	719	524	57.8439259855189	245.091794158554	223	226	53.9964914467527	180	399	214	261.5	180	400
Lib2barcode83	1460	461.757534246575	280.5	220	448.922177476805	60	5377	212	566	708	752	48.4931506849315	253.974576271186	224	220	60.1688752892094	180	400	214	295	180	400
Lib2barcode84	731	510.689466484268	367	222	449.412158678807	64	4368	221	635	288	443	39.3980848153215	268.673611111111	246	222	61.3003492678787	181	400	219	316.25	180	400
Lib2barcode85	719	393.944367176634	260	228	346.807862193908	63	3291	214.5	478	372	347	51.7385257301808	256.465053763441	228.5	228	55.6078526542476	180	399	221	295.5	180	400
Lib2barcode86	1248	515.199519230769	331.5	229	508.549000650202	66	4620	226	613.5	606	642	48.5576923076923	268.678217821782	234.5	229	62.496416458922	180	400	224	318	180	400
Lib2barcode87	361	391.407202216066	259	228	352.408621494338	65	2886	220	471	192	169	53.185595567867	260.859375	229	228	58.8304513486855	183	400	224	298	180	400
Lib2barcode88	884	239.237556561086	162	105	204.540470824532	53	2375	116	300.25	272	612	30.7692307692308	271.794117647059	270	186	62.7990548789034	180	400	213.75	315	180	400
Lib2barcode89	1494	241.843373493976	222	229	235.854686024873	62	6471	151	232	868	626	58.09906291834	238.091013824885	228	229	41.5151868365219	180	400	218.75	235	180	400
Lib2barcode90	717	472.016736401674	396	229	307.494492386438	83	2450	259	559	331	386	46.1645746164575	286.646525679758	279	229	63.34766130204	180	400	229	341.5	180	400
Lib2barcode91	1130	219.22389380531	203	226	148.507992630003	51	1697	134	230	567	563	50.1769911504425	240.058201058201	226	226	46.8720738425208	180	399	212	252	180	400
Lib2barcode92	690	281.585507246377	206	135	226.43262807767	51	1845	138.25	356	289	401	41.8840579710145	270.557093425606	258	182	69.5022308784261	180	399	208	334	180	400
Lib2barcode93	709	601.24682651622	479	526	471.579348197086	60	2833	288	722	198	511	27.9266572637518	293.954545454545	300	206	66.1793667489715	180	400	240	347.5	180	400
Lib2barcode94	196	483.433673469388	372.5	81	499.8083229407	58	4610	200	548.25	66	130	33.6734693877551	285.045454545455	287	182	64.1873296431101	182	400	237.75	342	180	400
Lib2barcode95	782	291.507672634271	227	229	219.971193126127	54	3136	213	253.75	572	210	73.1457800511509	233.522727272727	227	229	36.8549175370743	180	397	219	230.25	180	400
Lib2barcode96	850	141.561176470588	100	100	173.307964480017	51	1865	90	124	21	829	2.47058823529412	243.857142857143	221	194	64.7381539080979	184	373	194	291	180	400
Lib3barcode01	4484	361.909455842997	304	229	240.194570007043	52	2958	209	466	2199	2285	49.0410347903657	273.644383810823	252	229	64.1101258652817	180	400	224	330	180	400
Lib3barcode02	5090	408.95068762279	357	380	282.944951662978	50	6471	206	533	1965	3125	38.6051080550098	291.778117048346	297	380	65.7224122194206	180	400	229	350	180	400
Lib3barcode03	1865	367.495978552279	308	229	251.685673468967	55	3336	207	466	894	971	47.9356568364611	273.005592841163	249.5	229	64.6237709484415	180	399	222	329.75	180	400
Lib3barcode09	3545	441.029055007052	320	229	422.010098386007	51	9361	209	532	1651	1894	46.5726375176305	265.847970926711	231	229	66.1785135903783	180	400	215	319	180	400
Lib3barcode10	3464	361.351905311778	270	229	284.646820304377	53	5558	202.75	447	1766	1698	50.9815242494226	266.990373725934	234	229	63.3689088131254	180	399	222	316	180	400
Lib3barcode11	4136	436.765957446808	376	202	302.260560677283	51	2675	207	556	1603	2533	38.757253384913	293.94260761073	303	202	69.5702373686349	180	400	220.5	362	180	400
Lib3barcode12	2896	404.414019337017	333.5	229	296.483714477195	50	3144	209	507	1360	1536	46.9613259668508	285.690441176471	283.5	229	69.2204606137206	180	400	225	356.25	180	400
Lib3barcode13	4085	426.999265605875	370	212	301.471711280997	51	4419	201	570	1402	2683	34.3206854345165	288.422253922967	295	212	68.2016367755974	180	400	220	346	180	400
Lib3barcode14	5538	437.040267244493	374	202	305.08211337932	50	2935	216	561	2166	3372	39.1115926327194	290.836565096953	294	202	67.7286262239397	180	400	225	355	180	400
Lib3barcode15	2702	272.634715025907	222	226	220.506606351262	52	3240	144.25	332	1236	1466	45.7438934122872	255.606796116505	226	226	60.0509156632438	180	400	219	295	180	400
Lib3barcode16	1351	458.827535159141	405	411	305.799601307412	54	3145	251	574.5	453	898	33.5307179866765	296.317880794702	305	384	64.7795483056564	180	400	241	356	180	400
Lib3barcode17	2846	299.587139845397	229	229	220.315010046482	52	3409	176	377	1513	1333	53.1623330990864	258.165234633179	229	229	59.8612410671906	180	400	221	296	180	400
Lib3barcode18	2871	478.523510971787	392	382	347.520313076874	51	4282	266	598	1089	1782	37.9310344827586	303.832874196511	311	382	66.7992877013786	180	400	251	369	180	400
Lib3barcode19	3476	430.459436133487	370	173	303.059991819885	50	4075	213.75	554	1319	2157	37.945914844649	296.762699014405	303	382	65.5861670988085	180	400	239.5	359	180	400
Lib3barcode20	2184	386.000457875458	288.5	169	306.60250819265	50	2838	168	510.25	611	1573	27.9761904761905	286.180032733224	289	229	67.1987533598182	180	400	225	346	180	400
Lib3barcode21	3251	458.66348815749	379	229	377.254826693309	52	5633	229	564.5	1368	1883	42.0793601968625	296.195906432749	303	229	70.8694230672057	180	400	229	370	180	400
Lib3barcode22	5450	355.400366972477	323	133	227.03928578797	50	2345	179	472	2180	3270	40	291.905504587156	296	329	64.8467906451303	180	400	233.75	348	180	400
Lib3barcode23	5255	436.883158896289	366	202	362.958418975938	50	6439	195	559	1842	3413	35.0523311132255	290.336047774159	297.5	202	68.1364456328668	180	400	225	354	180	400
Lib3barcode24	3249	429.401969836873	371	172	308.355297072341	50	4878	215	554	1230	2019	37.8578024007387	295.705691056911	301	202	64.9305033758656	180	400	241	354.75	180	400
Lib3barcode25	3997	304.019014260696	229	229	255.850079933799	50	7496	147	382	1672	2325	41.8313735301476	275.72009569378	266	229	65.9939382305266	180	400	216	332	180	400
Lib3barcode26	5149	404.281608079239	339	229	293.664715228999	52	5640	217	515	2344	2805	45.5234026024471	285.483788395904	278	229	65.8111519295353	180	400	228	348	180	400
Lib3barcode27	3771	379.276319278706	298	229	277.176140300842	53	4618	210	477	1758	2013	46.6189339697693	269.00739476678	238	229	63.4427796178507	180	400	225	322	180	400
Lib3barcode28	2549	469.367987446057	388	81	377.614749538449	53	5382	230	584	894	1655	35.0725774813652	297.313199105145	304	376	66.8967574145131	180	400	234	358	180	400
Lib3barcode29	3368	466.484560570071	402	142	332.916747543758	50	3966	253	576	1186	2182	35.2137767220903	294.715851602024	302	316	63.5167756968832	180	400	239	346	180	400
Lib3barcode30	3598	322.934685936631	261	71	241.070620579389	51	2536	164	407.75	1610	1988	44.7470817120623	277.160869565217	280	201	66.6325477292749	180	400	213	330	180	400
Lib3barcode31	1291	569.342370255616	436	229	515.627298151212	58	5124	255	657.5	459	832	35.5538342370256	283.908496732026	279	229	65.4002149493474	180	400	226.5	344	180	400
Lib3barcode32	2371	456.849852382961	347	229	415.679444080401	53	6964	222	551	1038	1333	43.7789962041333	278.678227360308	268.5	229	65.1028451854631	180	400	225	334	180	400
Lib3barcode33	1734	381.5	268	229	338.894991200207	53	5184	213	463	882	852	50.8650519031142	259.081632653061	229	229	60.1380942278197	180	400	220	301.75	180	400
Lib3barcode34	3311	544.82120205376	401	229	478.558603100703	54	5197	229	678.5	1221	2090	36.8770764119601	279.110565110565	266	229	64.212429684539	180	400	226	335	180	400
Lib3barcode35	4378	532.504111466423	457	229	357.500991250096	50	4496	286.25	664.75	1478	2900	33.7597076290544	288.39648173207	285.5	229	63.6976060092535	180	400	228	346	180	400
Lib3barcode36	5522	505.260775081492	385	229	407.690319894943	53	3739	229	627	2200	3322	39.8406374501992	283.265	278	229	63.8461746523261	180	400	228	336	180	400
Lib3barcode37	4744	363.138279932546	296	229	251.603342368227	50	3164	203	467	2212	2532	46.6273187183811	273.446654611212	257.5	229	62.2725248200565	180	400	226	323	180	400
Lib3barcode38	3240	443.609567901235	338	328	375.219535246452	54	4489	205	545	1333	1907	41.141975308642	284.729182295574	289	328	64.3187984491351	180	400	226	336	180	400
Lib3barcode39	2098	364.219733079123	269	229	277.629764221033	54	3258	197.25	451.75	989	1109	47.1401334604385	268.176946410516	240	229	62.0579756557368	180	400	223	319	180	400
Lib3barcode40	2865	488.474345549738	420	334	334.833275011024	51	3568	261	618	919	1946	32.0767888307155	295.793253536453	306	334	63.7531213142656	180	400	238	345	180	400
Lib3barcode41	4110	357.376399026764	255	162	338.612357600922	50	4643	171	415.75	1889	2221	45.9610705596107	267.808893594494	258	207	60.7117914064256	180	400	214	316	180	400
Lib3barcode42	2463	371.457572066585	293	303	315.649146938093	50	4356	158	490.5	878	1585	35.6475842468534	283.179954441913	286	303	60.8362061299084	180	400	231	326	180	400
Lib3barcode43	3164	367.429519595449	304	305	267.037627131055	50	3536	186	454	1425	1739	45.0379266750948	284.103157894737	293	305	61.6574092923038	180	400	229	330	180	400
Lib3barcode44	1700	406.907647058824	329	303	290.502874766413	54	2051	197.75	516	674	1026	39.6470588235294	281.017804154303	287	303	64.0182434337894	180	400	221.25	331	180	400
Lib3barcode45	2948	369.312415196744	254.5	229	303.094523565963	53	3501	204	450	1481	1467	50.2374491180461	261.55773126266	230	229	61.0128437629205	180	400	221	309	180	400
Lib3barcode46	4077	474.860681873927	382	202	367.904711252989	51	4158	234	587	1480	2597	36.3012018641158	294.026351351351	300	202	63.9298549227015	180	400	238	351	180	400
Lib3barcode47	2707	418.095677872183	341	202	322.890276876665	53	5577	202	537.5	1046	1661	38.6405615072036	285.108030592734	288	202	62.460098593495	180	400	229	335	180	400
Lib3barcode48	3094	429.952811893988	376	329	279.98219258333	50	3107	229	548	1145	1949	37.0071105365223	296.816593886463	304	329	63.5374007796102	180	400	238	350	180	400
Lib3barcode49	2181	408.086198991288	365	400	262.550475526808	50	2648	220	523	852	1329	39.0646492434663	297.19014084507	308	400	65.6502429795228	180	400	240.75	353	180	400
Lib3barcode50	1969	508.43219908583	398	229	426.044023259774	52	5688	229	623	774	1195	39.3092940578974	275.404392764858	251.5	229	62.7346041896028	180	400	226	329	180	400
Lib3barcode51	3365	503.922436849926	430	302	343.984566388092	54	3863	291	619	1097	2268	32.6002971768202	302.718322698268	311	302	61.836772728027	180	400	251	355	180	400
Lib3barcode52	3863	393.107170592804	315	69	336.143539177777	51	4126	174	493.5	1523	2340	39.4253171110536	291.495732107682	299	202	67.105300596204	180	400	227	354	180	400
Lib3barcode53	3775	428.790198675497	326	229	356.716569013455	51	3669	208	535	1595	2180	42.2516556291391	277.552351097179	268	229	63.5228467316324	180	400	227	329	180	400
Lib3barcode54	3511	393.299629735118	308	229	330.843540194126	53	7010	211	488.5	1684	1827	47.9635431500997	272.064726840855	254	229	61.8283131890955	180	400	225	324	180	400
Lib3barcode55	4642	473.530159414046	427	326	278.394262302305	51	2926	290	595	1538	3104	33.1322705730289	301.968790637191	311.5	326	63.1919677634603	180	400	250	355	180	400
Lib3barcode56	2728	444.680351906158	372	202	343.45616548784	50	5076	218	559	1049	1679	38.4530791788856	291.042897998093	295	202	64.8550870657896	180	400	234	346	180	400
Lib3barcode57	6451	425.792900325531	362	229	292.185628401125	50	3761	224	545	2611	3840	40.474345062781	281.325545767905	278	229	64.6721981462212	180	400	226	336	180	400
Lib3barcode58	5442	492.490995957369	378	229	402.153952965108	51	7013	228	617	2156	3286	39.6177875780963	279.256957328386	267	229	63.8671171438728	180	400	226	334	180	400
Lib3barcode59	3887	489.579367121173	382	202	431.856620089697	53	5913	231	590	1454	2433	37.4067404167739	294.832187070151	305	202	65.5842242502412	180	400	236	351	180	400
Lib3barcode60	2363	381.198899703766	290	229	297.091438494785	52	3102	205	478	1130	1233	47.8205670757512	269.799115044248	246.5	229	62.1303338729972	180	400	224	319	180	400
Lib3barcode61	1878	383.051118210863	301.5	229	283.670501050139	53	2562	205	475	888	990	47.2843450479233	275.961711711712	263.5	229	64.0819013207813	180	400	226	328	180	400
Lib3barcode62	2641	368.993941688754	294	229	276.782302803306	50	3199	197	459	1193	1448	45.1722832260507	272.371332774518	254	229	61.9429978518143	180	400	225	322	180	400
Lib3barcode63	2380	475.226470588235	381	329	389.685923981679	53	5429	241	569.25	916	1464	38.4873949579832	293.594978165939	302	329	64.5449031388359	180	400	237	347	180	400
Lib3barcode64	2107	415.451352634077	337	229	349.621108009833	50	5445	198	518	841	1266	39.9145704793545	285.048751486326	285	229	66.2088236925327	180	400	226	344	180	400
Lib3barcode65	5799	433.319192964304	354	315	330.762093192115	50	3350	204	554	2223	3576	38.3341955509571	286.604588394062	290	315	65.6822583415442	180	400	226	342	180	400
Lib3barcode66	5129	471.900760382141	405	328	314.161390976286	50	2776	261	597	1804	3325	35.1725482550205	299.128048780488	309.5	328	63.5256418010912	180	400	241.75	354	180	400
Lib3barcode67	5556	469.604571634269	387	229	340.368290034757	51	3100	228	603.25	2027	3529	36.4830813534917	285.951159348791	286	229	65.0021495763309	180	400	228	342	180	400
Lib3barcode68	2263	411.640742377375	351	452	292.309237047793	51	3145	206	520	889	1374	39.2841361025188	286.206974128234	288	198	65.4153734028393	180	400	227	340	180	400
Lib3barcode69	621	398.563607085346	322	187	322.020177532303	56	2790	181	518	228	393	36.7149758454106	281.267543859649	286	187	65.8220361258734	181	400	217.75	337	180	400
Lib3barcode70	3333	372.734773477348	309	229	265.168729008275	51	3076	190	484	1417	1916	42.5142514251425	277.030345800988	265	229	64.9703522951206	180	400	226	333	180	400
Lib3barcode71	2405	426.555925155925	323	229	425.750371995849	50	8137	216	501	1117	1288	46.4449064449065	280.203222918532	272	229	64.2770999734846	180	400	227	335	180	400
Lib3barcode72	2842	360.016537649543	301.5	229	239.917889144199	51	3903	202.25	470.75	1309	1533	46.0591133004926	275.746371275783	262	229	63.0233549452116	180	400	226	328	180	400
Lib3barcode73	3220	495.68850931677	410	229	352.793142096817	55	3885	250	619	1167	2053	36.2422360248447	288.654670094259	292	229	64.4266561607451	180	400	229	342	180	400
Lib3barcode74	1965	390.129262086514	340	381	261.869171374194	52	2331	201	498	780	1185	39.6946564885496	288.225641025641	296	381	63.7652172900364	180	400	228	340	180	400
Lib3barcode75	3264	409.738970588235	359	305	276.448835793916	51	3023	222	519	1331	1933	40.7781862745098	291.537190082645	299	305	64.4662347308194	180	400	233	346	180	400
Lib3barcode76	1773	313.796390298928	233	229	218.359814859391	50	1652	163	409	790	983	44.5572476029329	269.560759493671	247	229	63.8410234743805	180	400	223	321.75	180	400
Lib3barcode77	3732	520.797963558414	403	202	455.232060385846	52	6803	249	632.25	1282	2450	34.3515541264737	294.47503900156	300	202	64.5719207085212	180	400	237	352.75	180	400
Lib3barcode78	6053	336.430530315546	260	388	300.740382940056	50	3880	164	390	2852	3201	47.1171320006608	281.395511921459	276	388	66.7640895673211	180	400	222	337	180	400
Lib3barcode79	1624	277.96921182266	223	226	228.59596967346	51	3868	147	337.25	771	853	47.4753694581281	258.732814526589	227	226	62.0689495096943	180	400	219	298.5	180	400
Lib3barcode80	1589	240.634990560101	201	226	196.082284131445	50	2939	124	272	673	916	42.35368156073	251.408618127786	226	226	56.7660276036915	180	400	217	284	180	400
Lib3barcode81	2466	369.485401459854	308	214	272.607822221018	51	2373	189	458.75	1145	1321	46.4314679643147	275.631441048035	271	214	69.1786760525713	180	400	210	338	180	400
Lib3barcode82	4485	411.760535117057	276	125	394.848885607354	50	4187	158	530	1482	3003	33.0434782608696	272.48717948718	265	254	63.6728548804176	180	400	215	323	180	400
Lib3barcode83	6123	534.093091621754	443	382	385.520142098569	53	4162	273	683	1826	4297	29.8219826882247	300.390470974808	309.5	382	66.0407785779008	180	400	241	360	180	400
Lib3barcode84	1335	441.952059925094	378	229	293.69833646525	51	2453	229	566	557	778	41.7228464419476	283.201077199282	271	229	65.2607867452373	180	400	227	346	180	400
Lib3barcode85	2013	252.857923497268	215	229	187.834760625568	52	3485	135	318	932	1081	46.2990561351217	261.543991416309	230	229	62.4873022233599	180	399	217	309	180	400
Lib3barcode86	1850	373.596216216216	248	218	330.437538228286	52	3135	172.25	462.5	777	1073	42	261.778635778636	236	218	62.8355725855754	180	400	213	318	180	400
Lib3barcode87	2566	474.485970381917	419	468	316.044673844492	51	3152	260	608.75	797	1769	31.0600155884645	305.048933500627	315	368	64.121166430547	180	400	250	363	180	400
Lib3barcode88	115	713.008695652174	599	363	477.56960539161	60	2626	445	809.5	19	96	16.5217391304348	307.947368421053	298	363	63.747308164703	197	400	261	364.5	180	400
Lib3barcode89	2140	415.251869158878	282	220	388.190016779076	53	4310	178	522.25	852	1288	39.8130841121495	267.191314553991	255	220	61.7294979997351	180	400	216	318	180	400
Lib3barcode90	1369	423.72315558802	325	229	334.010505223102	52	3447	218	540	617	752	45.0693937180424	267.805510534846	236	229	63.2127496857356	180	400	223	322	180	400
Lib3barcode91	4367	478.906114037096	403	172	339.65319527653	51	2782	235	612	1426	2941	32.6539958781772	295.747545582048	303	315	64.4371534780795	180	400	236	351	180	400
Lib3barcode92	2251	594.636161705909	474	229	477.526952824625	55	4880	306	715	695	1556	30.8751665926255	294.584172661871	298	229	63.6915163834311	180	400	231	350	180	400
Lib3barcode93	1638	410.557997557998	310	226	344.221004846153	52	4061	208	514.5	724	914	44.2002442002442	269.117403314917	240.5	226	63.4398356981942	180	400	220	320	180	400
Lib3barcode94	2110	404.28672985782	262	226	372.042159166749	51	4135	190	510.5	940	1170	44.5497630331754	259.922340425532	228	226	58.6886636820333	180	400	222	304	180	400
Lib3barcode95	4589	668.294617563739	549	352	456.781509430585	51	4380	374	835	1048	3541	22.837219437786	311.584923664122	324	352	62.2027866608887	180	400	262.75	365	180	400
Lib3barcode96	2925	109.735042735043	95	100	105.954736448294	50	2895	71	114	76	2849	2.5982905982906	221.118421052632	199	193	51.9869129955513	180	398	190	225	180	400
